"Ob","WageNew"
1,3442.11656255421
2,6052.03881868811
3,2168.10384702314
4,4145.02509594193
5,8540.6192836681
6,7501.1165703177
7,4671.55860669258
8,7199.89201015317
9,5233.98566949479
10,3918.91917070811
11,6564.54676134445
12,5862.21193265197
13,3139.78352594936
14,3519.56797599136
15,5820.4228924869
16,2288.05135563519
17,1624.7841652523
18,3009.01197208184
19,2644.6181964784
20,5359.72929820694
21,2328.48876760539
22,10092.4206250031
23,2052.20458349079
24,9880.70789134221
25,5979.97254838852
26,7562.11660564112
27,7094.26223472112
28,6473.05612389597
29,7497.76312463895
30,8473.76758456535
31,3934.41589318525
32,6576.07509029825
33,2387.50980291741
34,6752.09268639828
35,4259.82682843108
36,2975.1842822535
37,6457.00186193983
38,4216.07264806194
39,2446.87543284634
40,5917.23385740378
41,3847.05833634191
42,4855.73276042383
43,7117.68535613173
44,32981.2009220046
45,5083.57840942897
46,5442.19061893818
47,2021.5093009761
48,2255.64716345892
49,2489.04354381037
50,84617.1956387565
51,3940.19510910735
52,2555.03583878305
53,3469.98478401994
54,7216.35140841365
55,1868.53531921337
56,6759.73447747343
57,3177.97756413093
58,8396.3202053486
59,7425.48226053349
60,17866.9723667538
61,4718.55314857191
62,6311.87366151629
63,6531.61050528359
64,6149.32297123686
65,4941.96028674115
66,24610.3666106045
67,5512.41543040137
68,11870.2010090139
69,4031.50126706944
70,2122.73961797442
71,3911.39069183295
72,3405.86949253579
73,1772.43239061753
74,5925.15309668633
75,4161.06350697939
76,4996.20139943726
77,3125.96927428943
78,8532.31788909718
79,2215.76135559149
80,2185.785679673
81,2470.76475678016
82,4871.27435461402
83,2781.19263301605
84,5927.59833755932
85,20375.8262680847
86,4566.01242675118
87,6050.14865847434
88,5237.45869447008
89,9991.15084901495
90,3470.601733118
91,5137.71358187961
92,6036.88228563552
93,4638.76908836955
94,6750.80690367327
95,6329.04086091955
96,59675.0723051002
97,6516.17940429316
98,9287.82305501977
99,3569.03724430654
100,2472.18644387322
101,4156.32954315369
102,9613.0977318639
103,3492.00575747144
104,4439.00378552407
105,4482.5674629595
106,2300.13502349935
107,3220.91643145435
108,6527.67657815786
109,1876.26094751888
110,3691.75069839565
111,6813.06117826988
112,5725.4581274745
113,3775.55378681398
114,3500.66175093586
115,6239.7246314703
116,4792.82370139555
117,3442.65628039757
118,2822.37518947749
119,3854.58762984097
120,3931.93645217484
121,12739.3317430254
122,17360.532964735
123,180189.542956383
124,2811.64099878615
125,39846.6428689421
126,4629.69972749511
127,6524.19352917843
128,7551.04807692923
129,4965.83703443101
130,4862.11850736102
131,6396.83208319476
132,2046.46282198324
133,15383.8383798859
134,3690.38931279405
135,2897.72143261833
136,1992.89367477399
137,8873.92610028795
138,1870.93031727969
139,6504.42703612803
140,2845.74767083131
141,3519.70154944726
142,8294.65680168111
143,3781.30622924081
144,5279.47696243966
145,3383.63611010494
146,3354.7678794153
147,6099.73452918668
148,114368.825695268
149,3080.31754050248
150,8066.78509663832
151,6092.97014502737
152,1823.28734760865
153,2959.61593131667
154,4971.81147532648
155,1876.65505012268
156,4736.99324862067
157,3330.27819324481
158,3131.4623510867
159,4012.43519237051
160,2240.71736610089
161,7792.58463586399
162,2326.47806009943
163,4450.40719645135
164,2114.68851610839
165,23465.1417053911
166,5897.07007760953
167,4422.0081309135
168,2601.16751942987
169,115630.205141532
170,9621.61727740437
171,5519.07913975731
172,3301.63348294843
173,5397.66477478165
174,3411.99975716783
175,5489.45644128498
176,4226.17367763604
177,3086.37430503055
178,4447.17201685288
179,2888.36190302467
180,3216.60626672335
181,2138.41493341762
182,2098.02430286395
183,5176.56505633225
184,7018.47050426018
185,5578.29722800668
186,4449.15784004708
187,5288.87761646338
188,2581.27668128818
189,3631.76217928043
190,6002.02364877123
191,1292.5938628494
192,5603.56352277379
193,2228.20869414311
194,76830.9416463356
195,2282.67413000252
196,7873.17453853696
197,5086.15149405834
198,4598.59563556708
199,23933.199103904
200,4674.65919253296
201,13555.3180461343
202,1923.46396322341
203,3022.24319338759
204,4226.60614699437
205,1902.98490151638
206,4652.44517166145
207,6042.414230833
208,3459.57440913169
209,5572.18790147102
210,2795.80763581652
211,21838.6366764614
212,6188.75150348431
213,4338.76934261585
214,3007.55526677235
215,1575.30823607447
216,4308.06272392081
217,4044.74175790081
218,2002.27625220645
219,3064.5604276879
220,3640.8827485125
221,6123.25694688035
222,4332.87961979159
223,4014.80671313163
224,6416.25962824481
225,6882.05345928012
226,7457.59421588838
227,1748.60277486168
228,2456.06871551866
229,6262.30034046616
230,2167.74632394059
231,2848.54503481765
232,2917.21372414319
233,3672.9458468388
234,2742.7143156744
235,4958.93792309617
236,5770.65461656561
237,6476.46969705599
238,6307.49843873126
239,5592.93531964087
240,1917.58782220625
241,5915.6682605686
242,6630.30520127816
243,4118.47256967576
244,6898.37891709399
245,6829.51372914698
246,3523.26632012623
247,3212.51794626386
248,5913.56187806476
249,19080.3209809976
250,3549.5121841456
251,5934.65670271093
252,2481.79517752759
253,5217.82182508333
254,3332.59827345495
255,6790.0062083259
256,2681.74262226654
257,6425.65726310074
258,3744.50204731891
259,4754.19851109307
260,7195.64116201086
261,4657.6696879972
262,4820.67781052066
263,3562.92978424926
264,3417.36539005113
265,2648.95688297574
266,7687.38542712924
267,7227.42426841276
268,3349.08455894492
269,2354.18962416164
270,3603.71897602045
271,3596.71193487576
272,5639.95057324525
273,3256.8719554166
274,6472.62998831541
275,5738.35717573758
276,2211.61571353368
277,3707.77605429398
278,2860.92920885826
279,2329.75854391821
280,6230.88706296745
281,1851.67565184896
282,2392.93265837907
283,7433.1497898872
284,2634.87112040858
285,4058.0082113765
286,2472.47150409619
287,3114.90869848485
288,2200.93975061079
289,5014.67329655884
290,21697.4166150072
291,4063.80196266004
292,7975.82575655357
293,2329.03455330572
294,4282.35623150285
295,5316.45206388829
296,2094.74631571115
297,4534.57569451236
298,4388.27510104596
299,3136.85601867735
300,4812.32938971966
301,5488.66592607838
302,4534.93232426774
303,5217.59916130242
304,4095.48611607427
305,1992.47991909106
306,3152.1781629882
307,2175.76346670403
308,2744.72320729391
309,6521.85742120057
310,4229.49696824342
311,3893.56528698989
312,5973.883381518
313,4709.57721028674
314,2727.76376654101
315,5460.13915182947
316,7685.56919835137
317,11046.2282753528
318,11172.9144643394
319,69459.4115452601
320,5048.61844697179
321,4287.17978930808
322,4382.92603408147
323,10879.4567590107
324,2693.30852800286
325,3665.97409555613
326,3361.47983072179
327,2622.13698076969
328,2801.24599806517
329,2492.58084101552
330,2492.95813506492
331,2899.43510517271
332,3273.16765300124
333,2215.97189851273
334,1842.19301756561
335,3727.57284995882
336,3974.24834393418
337,20469.8972274667
338,4462.13679886703
339,9124.38292633886
340,4585.03886439279
341,7751.22469399792
342,3158.61457712832
343,5199.25512580478
344,4650.28475786352
345,2008.9616170155
346,4901.63610826989
347,6e+05
348,14955.8157813141
349,5413.04454332873
350,3100.26949137625
351,32985.2713617404
352,3201.60842484133
353,2141.07971300377
354,26032.6133089122
355,6201.58086638862
356,7131.05351286098
357,6021.22907331728
358,5708.10592716795
359,4217.73587831669
360,2025.00291097676
361,3033.71315667225
362,9326.07187340994
363,3017.37337389173
364,3868.21888511457
365,3237.32249819757
366,3313.38481736792
367,6349.54140489861
368,5593.51357927205
369,5200.84587658711
370,4595.05050945142
371,3407.57681089007
372,21766.3268087766
373,10299.4648445357
374,5681.85387853493
375,3443.47524700205
376,8645.77096463032
377,5440.77927006101
378,17528.9392737075
379,205118.701997311
380,5525.23022969062
381,3735.38698316646
382,1917.00791055805
383,10305.3764439926
384,4026.96054443178
385,4995.58438396689
386,3180.89447536832
387,5132.40147710743
388,6385.53552030165
389,6372.02013157283
390,4245.96130493153
391,4551.20399239558
392,28144.2819644434
393,3541.42074534748
394,4935.1791817826
395,4735.4183711033
396,2293.55746313584
397,5799.02948234715
398,2634.32169899155
399,6482.60071555135
400,7317.51341446191
401,2682.57852209042
402,5630.90852027167
403,2793.97387474201
404,2153.5975381441
405,5261.74419380881
406,2133.86366184463
407,6434.33498090265
408,2103.99043600885
409,3008.40588090235
410,16949.819631685
411,3654.68453873283
412,5977.42082731015
413,18273.7425810743
414,5833.80865199627
415,4040.17289697269
416,3174.80629826574
417,6131.02268666817
418,6055.40996418478
419,3043.94957663969
420,38104.7182607121
421,3400.21778786916
422,190824.39939115
423,4636.11647277327
424,5162.28764658881
425,6547.68404869554
426,2320.27057845143
427,5354.65221745219
428,3285.17071911216
429,2234.16185098831
430,5562.64688272328
431,5974.25895760057
432,2875.88394491766
433,5293.8900894511
434,2533.89695037636
435,6318.98359362041
436,16872.1187453643
437,3248.01660934195
438,5937.13760143547
439,3400.81878842263
440,3810.36990101819
441,6607.58819569425
442,6571.58346987249
443,2450.29016048663
444,5832.57627907336
445,28458.1661300722
446,1944.30624376677
447,5025.3324640169
448,4570.54591562082
449,9147.49763197638
450,2115.81017261183
451,3889.28048919944
452,4449.79810540767
453,6193.29445828979
454,5134.25497044918
455,4924.73663629674
456,3622.02230189804
457,4379.43357283896
458,6167.66962458542
459,9950.52302891516
460,2060.88479740209
461,5426.70556068524
462,3900.75951238205
463,5620.2975938103
464,9217.57105057033
465,3343.34951630231
466,4321.01131477429
467,4162.58594235834
468,4127.87617143897
469,4769.44506256212
470,5872.52972581147
471,2705.99077975415
472,34754.031976076
473,4482.27939010457
474,2022.25940375916
475,2820.65069177211
476,20385.3851612501
477,4980.84550074487
478,3168.66625462055
479,4386.29881549091
480,18879.7510012946
481,1985.06864031251
482,3312.44314014858
483,1910.9028598098
484,4489.53278499659
485,6464.98517250716
486,4643.51886804147
487,11217.8754437687
488,2928.85062355077
489,4747.26775655856
490,7392.44873693181
491,4262.19802039208
492,5452.37698935948
493,8201.98948795404
494,2448.18372503304
495,5221.62515715684
496,4836.85697203273
497,45653.8932174189
498,6364.36515487566
499,3126.56982077518
500,9547.84906260437
501,3076.66176145239
502,2718.97691734633
503,6575.81515176384
504,22198.8478117392
505,16027.3431365427
506,4940.55389590789
507,5106.30758508068
508,3352.59719523121
509,4688.5930270458
510,3178.62778424353
511,5931.55265508763
512,25510.5699626395
513,2368.22189040955
514,31307.8266751805
515,3267.46051327021
516,5841.47002635562
517,4155.60006138354
518,4278.8449401234
519,5222.35922635064
520,3787.34539119963
521,3652.01967596134
522,4307.36019187323
523,13609.3398492838
524,3878.81904121252
525,8942.9176575195
526,22789.2966378313
527,23259.6606614034
528,3442.81776848657
529,3260.83632116731
530,3993.4845603169
531,2530.77198696764
532,5841.63793883409
533,24896.4534808332
534,2604.04091422185
535,6310.13218180045
536,9843.92827069983
537,6625.27640505217
538,2130.32129275076
539,5186.94799843579
540,4479.68022921989
541,1798.99321099764
542,5560.28851276493
543,9829.97988313449
544,180375.197333313
545,2957.96448968534
546,6035.93994632958
547,3727.0291725651
548,1988.53585818223
549,34682.6024993774
550,3815.53999135071
551,6967.73922037162
552,4202.3394666593
553,6258.36483747912
554,3363.01644694769
555,2955.32017713068
556,6346.59753867846
557,6177.65399838435
558,7683.47919708626
559,2970.04019699869
560,3560.04667731543
561,5018.79454861381
562,12499.2098158058
563,33926.6045141301
564,4816.92277214904
565,2910.12958396625
566,2254.14065417844
567,7024.86478421776
568,2538.75368846847
569,3288.49794207596
570,2665.37386859017
571,5601.56498825177
572,5629.0645271347
573,3276.91326247789
574,2635.81176603037
575,4092.51362739491
576,1843.99342955734
577,4165.12200960159
578,5834.97710197601
579,4763.12099639522
580,2498.41173042216
581,6068.76214074827
582,5722.76292354274
583,4232.9610935654
584,2030.70565136157
585,2434.63317641626
586,5863.95018042934
587,3779.55198856432
588,6520.97645381017
589,1811.22384305941
590,2871.66805043242
591,5536.41200442486
592,4351.89461497676
593,5877.75141004916
594,18949.5187170751
595,3188.38087031388
596,10735.4828943919
597,2231.83095409939
598,3183.92721701053
599,3279.27781330788
600,5071.79983661849
601,2453.0988145538
602,44307.039770613
603,3009.25177534583
604,6836.31151314326
605,4428.42755972284
606,3425.6619400726
607,1824.77567703676
608,4080.46438761929
609,3789.09421942259
610,2070.94399265618
611,5577.87097078661
612,10048.4142320789
613,1919.4552913376
614,5182.1005781507
615,3577.47503801078
616,6604.5190923381
617,4448.22188328721
618,5253.94440068415
619,4564.06476418038
620,6007.30063699763
621,7857.17385002943
622,4076.94187135023
623,3548.90211239306
624,6333.88321593782
625,28514.3085090071
626,3395.98417222455
627,27188.7863825018
628,3445.24923446299
629,3276.95086537975
630,1867.72136248306
631,2279.35739934693
632,5444.66527759867
633,7742.63187441098
634,3905.26144660845
635,2509.68727505511
636,8081.51314689904
637,3826.23273891659
638,7945.20981902462
639,4106.17765895667
640,4093.87018436598
641,3973.56489042872
642,183719.359048266
643,7289.71832537814
644,3809.37513415219
645,2688.45002012921
646,8533.86638133871
647,4493.54030220709
648,3143.16849539041
649,1889.01146072269
650,1809.93349315372
651,44343.1577092677
652,4145.11526609639
653,3750.70916431023
654,5083.59258348797
655,5021.77755859964
656,3777.79593723863
657,2274.78775095222
658,2078.80476519524
659,5959.5318147388
660,4175.35399510514
661,1887.18036022365
662,1863.15390902279
663,6105.06893301665
664,2235.84981654119
665,5947.6315070316
666,2456.11702959515
667,6086.02979141446
668,5895.99084750102
669,2406.12532731957
670,2483.74016935378
671,8527.33234795655
672,8036.28858009831
673,7003.99471317983
674,3672.55486215257
675,6269.68044522675
676,2331.50500656912
677,4700.12774565661
678,12167.9202143103
679,2456.36622566911
680,4615.53593892066
681,3561.69111215926
682,5455.79959335458
683,4021.11488766262
684,2509.40795127883
685,9700.87991803999
686,5916.62268837978
687,5075.81768412286
688,10439.8345092409
689,20643.8420505884
690,5386.27771118903
691,4943.83897984857
692,4910.3424740147
693,3953.33360812097
694,3227.88097999566
695,3721.15149986823
696,7308.79796810421
697,171233.390959288
698,3921.70158595307
699,8585.42951892418
700,3329.29242933554
701,4073.03191127001
702,42446.4488176395
703,6204.53840592569
704,2261.78688659298
705,2197.20839027002
706,3683.66302828377
707,2909.83058068576
708,5328.69364318356
709,3059.22484816224
710,6304.43442971985
711,3535.11961573691
712,2967.42646454043
713,3886.59848313096
714,4765.54479435387
715,3519.97545344218
716,1866.03721756473
717,1864.85493888199
718,2020.91334606954
719,6139.39340861026
720,6276.88170952509
721,3291.42707768068
722,4520.47964270302
723,3020.8440537084
724,6965.55544663155
725,7295.76017376086
726,6924.56516525903
727,2960.02036311113
728,4794.28427158563
729,2898.6307668308
730,2058.91973794838
731,8869.28288866914
732,2052.32024049048
733,3099.55714188449
734,4106.15078845886
735,5386.97802928781
736,6636.15308660844
737,1955.89429809572
738,5048.98512711778
739,5070.03096761263
740,29045.3397536441
741,3350.98127483784
742,6241.92346197188
743,4250.24950429455
744,5280.654934811
745,6398.93725078687
746,3276.27924689376
747,2434.49893947533
748,4789.69875181317
749,3091.59965470192
750,6111.69941825999
751,2841.50141979221
752,5333.76330362693
753,43152.4925132921
754,2334.60844762918
755,7017.82802447345
756,2403.72795523867
757,6374.57420879961
758,6249.67404947939
759,3160.19734832035
760,3749.78536285423
761,5848.13995889432
762,4823.8431385595
763,19101.7347355986
764,3491.36096381863
765,4825.94543347259
766,2737.03972822107
767,7170.7757028342
768,3289.8046543612
769,1914.1559236534
770,9912.12891799494
771,6769.42415822553
772,3358.54392472171
773,5061.65596460208
774,3439.95906682099
775,3909.55496459668
776,1789.86602689619
777,4534.07312565061
778,1590.90566352954
779,3587.67250573946
780,5003.24121570819
781,8240.91551562417
782,2964.31958994717
783,6612.72671014389
784,6041.00528966564
785,7062.59239835662
786,5137.97956812476
787,3016.62824812038
788,2701.77452774823
789,4659.86505384116
790,4288.13333437771
791,4571.94058975907
792,9788.75065498325
793,6000.48117398869
794,3726.3588985503
795,1922.26456869352
796,3497.43613932178
797,3688.80212901231
798,1623.37154818043
799,4577.35039830245
800,5235.55128307803
801,7724.56064910436
802,4636.77255679612
803,5261.37303258748
804,5135.69204758683
805,3310.2200734522
806,2313.67721061623
807,6972.49355319151
808,19465.7267547027
809,5029.11795179242
810,11594.3094353188
811,6013.78678489059
812,4038.23910787956
813,3693.3188404106
814,6e+05
815,2073.59639431009
816,4113.75901507859
817,2638.43795532796
818,2645.82268653505
819,1817.17624880087
820,5415.40741379547
821,4343.27319592096
822,5495.42849318859
823,7364.08858531907
824,5933.56922114581
825,2996.59490568686
826,7074.7843022273
827,3387.73583123467
828,2325.39021688281
829,5843.74057101115
830,3302.09422825241
831,3650.42688032424
832,2522.71602735813
833,1824.74456931258
834,4910.72834842892
835,3607.23805861815
836,3296.7837418719
837,6397.6653898405
838,5807.55859915658
839,2449.77900288554
840,4290.66345962637
841,3371.2750055894
842,3087.58600601907
843,3663.96557096547
844,2909.99842382635
845,3881.47771071487
846,24432.5543670636
847,6798.37458146591
848,23169.5333810961
849,57413.0585144976
850,3846.85021675718
851,3884.26825340706
852,3154.73857758642
853,2042.34758312899
854,6241.536856937
855,3355.02477744598
856,4820.43248825673
857,3398.39761850753
858,2116.22371860938
859,6607.36817997932
860,3898.30454547435
861,29146.9417224194
862,3772.96160669675
863,3129.17942705492
864,3274.80104522578
865,5900.56989149686
866,2692.59226240056
867,4490.77375842071
868,21436.5838358552
869,3470.93450879153
870,6044.01898001401
871,2643.48482363989
872,5021.58021968719
873,7785.45885749879
874,4521.77161846461
875,2979.19821381744
876,20397.0469443162
877,5979.15446506535
878,14673.5949392676
879,7489.14210573838
880,3310.95946994119
881,3749.30690634092
882,3499.51715989685
883,8117.1828290412
884,6052.67894348251
885,2407.15761104853
886,8063.77297519934
887,25673.1231982591
888,3996.53524523043
889,6189.70189855257
890,4177.14017397777
891,5076.45749164187
892,4629.53924573193
893,3802.3591590829
894,3990.99923657522
895,16017.0402807167
896,2621.74305388701
897,1903.70855890891
898,2695.52385811097
899,3984.98221353236
900,2147.74016445277
901,4254.99449415809
902,1860.62163946131
903,8694.68583545368
904,4222.73117595391
905,79286.7485584535
906,2500.84567000062
907,3058.27958230263
908,6261.30983499011
909,6923.9914227103
910,6096.46931138872
911,3086.21376060771
912,5089.60119830468
913,7035.86187439665
914,2987.99779918861
915,5245.40247360003
916,4186.38900576912
917,2339.76402678993
918,3414.63286055919
919,5901.8544097569
920,6763.24977145564
921,3470.17702454519
922,5847.12103784149
923,1757.62432814794
924,2597.71596188633
925,3153.41394116845
926,9822.46372220689
927,9238.78595104231
928,5875.89357093204
929,8250.65779355829
930,10087.8431455242
931,2681.8393775591
932,2984.13491983175
933,5543.9392499806
934,2602.91184094032
935,3263.99503506764
936,4154.87613456747
937,2955.04820658752
938,5535.27529560994
939,1977.3174464752
940,4698.64536994206
941,4245.07948425328
942,2596.43449711858
943,8948.66498436536
944,2766.81235577266
945,5103.68593512126
946,5737.09839223323
947,2534.66585915019
948,3075.80657929668
949,6381.19746472573
950,4834.21989427041
951,6204.68391317914
952,1941.35453553901
953,4330.01986607896
954,3876.52966303418
955,8294.82937534189
956,3613.36647493837
957,3196.87580650176
958,5686.27349512779
959,3029.94492881838
960,2388.63133852807
961,3797.09722737274
962,3075.14942890105
963,5067.82390133735
964,3054.87803099891
965,4435.06682801119
966,1681.40689116239
967,3472.80250903271
968,5047.22835876608
969,5839.40201068569
970,2017.26098136932
971,6351.88443300644
972,6102.72830390514
973,3915.49781156022
974,4864.89729135545
975,4781.37777481412
976,2876.09133461396
977,5650.54358483346
978,2821.28424535874
979,18580.4348223972
980,2384.01622167498
981,3819.78289580546
982,2189.6066508893
983,20109.7729827535
984,4897.33605615549
985,5638.93019079785
986,6789.45595985697
987,3877.5335870485
988,4451.12399338804
989,2817.54475687435
990,3812.73944513004
991,3320.61836918056
992,2317.76221252801
993,25024.8817445773
994,21729.6609155048
995,3540.82659550958
996,5867.10179989835
997,2386.47814279541
998,4413.66143026413
999,4337.63573243661
1000,6559.59330093137
1001,3570.86314116135
1002,5015.63410533225
1003,11580.4403964721
1004,5628.89001075136
1005,5137.03980258661
1006,5828.04779642284
1007,2508.99606267665
1008,5279.05990241453
1009,5615.84137485173
1010,5317.46691628745
1011,4488.61967616668
1012,9985.9770328914
1013,2443.79967168852
1014,2100.65801277523
1015,53298.0524328104
1016,2652.18915713004
1017,2635.53642647271
1018,2912.52140334925
1019,2954.22779696035
1020,6595.02514519505
1021,3513.34938308624
1022,22214.3618780806
1023,3527.21815071433
1024,3017.7188778811
1025,7740.27140740554
1026,18007.1736425173
1027,5765.73084625492
1028,6249.03179173816
1029,10742.370759663
1030,7984.41044904104
1031,1921.67800326703
1032,4001.01304029686
1033,6531.49142708877
1034,1684.03987177279
1035,3521.49058659499
1036,23823.5660108731
1037,3440.10608938156
1038,6019.60575428329
1039,3475.86816019988
1040,4291.68760190824
1041,2871.77705917541
1042,4998.32946478978
1043,5810.84443771416
1044,2788.00462639015
1045,3961.62835952586
1046,2982.43031731385
1047,4855.10982763729
1048,5602.07165091302
1049,3619.96468925019
1050,3542.06095194735
1051,3374.10273603063
1052,10826.0557153439
1053,5792.89727348721
1054,3185.43646360392
1055,6453.43087885157
1056,17062.7376320666
1057,6822.128854604
1058,4936.9940517827
1059,7996.74331873324
1060,4881.83218027605
1061,3625.39478961882
1062,6544.84284446683
1063,11409.9836490376
1064,2258.21756915093
1065,2834.93211567958
1066,6557.43615796249
1067,5119.01557246061
1068,7567.90792289739
1069,6072.77840598396
1070,2848.19657172478
1071,3383.32620279753
1072,3188.56595872355
1073,6733.21021123007
1074,3652.71943113765
1075,4043.81537560616
1076,3385.1019505496
1077,6630.9412848537
1078,5199.34227566568
1079,4342.0815862604
1080,3484.31932737128
1081,5484.76802652617
1082,3725.17531975545
1083,8448.22775702961
1084,4781.20889757821
1085,2363.89849684527
1086,2389.51794961891
1087,5125.50113517664
1088,10322.1543489646
1089,2517.72597662409
1090,3475.50544893703
1091,4109.48868162595
1092,6622.20767985784
1093,3289.70946296011
1094,2261.87770382745
1095,3504.57638450656
1096,5449.58726351596
1097,4639.0193297025
1098,6507.14376090749
1099,3120.80753157345
1100,5489.99755086487
1101,2798.64989320932
1102,2650.2743748161
1103,2981.52474085713
1104,5963.85600132968
1105,6333.41089267357
1106,11913.6704074316
1107,3056.09953541976
1108,3035.56662390563
1109,3369.61130888878
1110,3063.25750513559
1111,2932.83699449019
1112,4163.54650791874
1113,3474.04298144169
1114,90794.851394525
1115,5615.68958195768
1116,5294.75940669264
1117,5617.52012679583
1118,3053.73413533315
1119,5388.02429265669
1120,4945.57072598193
1121,7287.19895074576
1122,7118.91012915112
1123,4351.21346058126
1124,6323.30190112052
1125,2686.54980091666
1126,6e+05
1127,3686.18801756259
1128,5185.48450868581
1129,3369.66330166057
1130,3564.64842625196
1131,2960.72543064092
1132,592496.301765788
1133,10020.4305447607
1134,2342.75627120115
1135,4176.72105937622
1136,5851.48322474433
1137,4967.43515264545
1138,1763.21880135147
1139,2623.96730974789
1140,3986.69162240637
1141,2863.01155259483
1142,38077.38321162
1143,3353.68974319846
1144,13588.7486308076
1145,10244.9359670124
1146,5603.55812891831
1147,5380.98724115991
1148,4444.51021455233
1149,3152.10813740462
1150,3662.15324415239
1151,7651.24159614073
1152,2543.35925568516
1153,2595.25693720157
1154,3516.04249716229
1155,16616.2948891854
1156,2525.71769445978
1157,3141.80937450416
1158,3354.91401123938
1159,3605.20162496939
1160,2823.06013491934
1161,5298.47224503264
1162,4595.43323189989
1163,1879.66214407945
1164,3701.51271172488
1165,6076.25875654963
1166,5345.00151816224
1167,23937.6469069955
1168,3810.46455116024
1169,5367.3149787161
1170,3559.40479255056
1171,5085.95058899883
1172,6265.83907127975
1173,4523.38824831894
1174,2841.4114384301
1175,38607.0527071436
1176,5085.03454445041
1177,3016.31116066773
1178,6221.47228021097
1179,6843.25340941516
1180,6949.14446958751
1181,6828.63260615407
1182,4308.79624254163
1183,4817.95682526359
1184,7451.17773901305
1185,3751.88128074154
1186,13814.8689011052
1187,19811.8069402986
1188,6738.13214194673
1189,1844.62560585345
1190,2893.76376107601
1191,6424.47686540361
1192,8345.78386332793
1193,5727.05985160226
1194,33991.061753704
1195,3244.75379099126
1196,3983.17634536472
1197,2634.01359001872
1198,7438.49404757919
1199,30779.2455786524
1200,3581.6503563085
1201,2393.83530683085
1202,4101.80626982555
1203,1900.48300937603
1204,86198.6815291747
1205,5169.88111248183
1206,4946.46283236484
1207,7157.5383886051
1208,3456.22180207437
1209,4074.80570041129
1210,3019.31325202643
1211,2749.06583506093
1212,5480.06529098107
1213,2691.53367225838
1214,6894.77426980426
1215,3449.55347788019
1216,3388.15488155918
1217,3354.85875762458
1218,197936.777054664
1219,8377.65765491473
1220,10753.9446031484
1221,3126.21076299652
1222,3640.55450611877
1223,13987.6914556916
1224,5617.53096159667
1225,5982.30135520887
1226,5230.00707767282
1227,3800.54200072656
1228,4774.58733440093
1229,5180.28260089077
1230,3366.93820732056
1231,4686.34221098034
1232,7258.0892258741
1233,3842.75047548336
1234,34381.5783720383
1235,2333.7556443411
1236,4195.04264411483
1237,10093.5308037933
1238,4125.82488653708
1239,6351.63611225139
1240,1755.32298404344
1241,6491.74272398812
1242,4269.56457330241
1243,3043.15024137668
1244,5926.83568658648
1245,3085.52461234224
1246,3887.3757776652
1247,4311.03450523539
1248,2125.0383751128
1249,1726.06843228075
1250,3318.21683060467
1251,7873.95365149756
1252,2593.64641057547
1253,3392.68714283074
1254,35880.0614553134
1255,4504.20850081164
1256,2848.92482184667
1257,3604.67856460634
1258,9224.62623906914
1259,5108.75966026284
1260,3963.89528792672
1261,156805.166036597
1262,5245.6790675788
1263,7943.277367084
1264,3088.70065892131
1265,5409.84848425023
1266,2908.78464331892
1267,4341.99021807829
1268,5674.19544829071
1269,6648.91777056942
1270,2874.94477279186
1271,6904.34715918063
1272,10838.9888460077
1273,5164.64133261921
1274,3818.22122174216
1275,5897.68401815112
1276,5340.61467017365
1277,105789.521732028
1278,6511.46410873694
1279,6399.37078242931
1280,3155.60464971409
1281,9125.71254536518
1282,2513.76890504048
1283,5256.538839741
1284,2377.19483068491
1285,30829.7157560969
1286,5514.13021681188
1287,10267.5742342621
1288,2924.2989459437
1289,3905.98296485956
1290,4511.83355782572
1291,5274.22731175309
1292,16321.8030781309
1293,2950.42551435554
1294,13698.3970941744
1295,3984.3148963184
1296,3384.04845370987
1297,3802.17413691895
1298,7735.98594653916
1299,3192.53272200074
1300,4158.5598478817
1301,3266.56724511359
1302,5698.71197122916
1303,5150.56737261873
1304,15176.8145613977
1305,3420.75212775849
1306,3699.32725854565
1307,3594.5749274373
1308,18183.3718987119
1309,2817.14922608367
1310,3231.71754284736
1311,3754.51604345062
1312,3618.6267168662
1313,12510.6311459925
1314,5167.522332375
1315,4931.19184503549
1316,2664.20566173906
1317,1973.44357308123
1318,3468.81885758705
1319,3784.31868293364
1320,4146.96229693659
1321,2772.04024008643
1322,7890.843792259
1323,1930.71496722857
1324,4777.13638972985
1325,3820.1357980646
1326,3438.25303169677
1327,5455.06001773674
1328,1996.41092407543
1329,5189.92811668398
1330,6626.99122937357
1331,5252.3442103891
1332,6295.51200728397
1333,3326.10888511481
1334,1878.70061332749
1335,4907.73219582117
1336,5244.81035248745
1337,3000.66278306032
1338,10154.5599776743
1339,4683.63553671416
1340,7262.12829426799
1341,4123.19300809863
1342,6449.75867612947
1343,2305.72728721616
1344,3451.1319499339
1345,2974.41667516396
1346,17979.4360750502
1347,5075.78732973383
1348,3650.4049229321
1349,4392.0532638975
1350,5436.1403572029
1351,6233.92167593281
1352,5361.21566629444
1353,5283.27463944899
1354,2827.00909122811
1355,3421.55276342273
1356,7219.21028961384
1357,3648.97748973385
1358,4375.93903232877
1359,6713.06680334833
1360,2511.09714220037
1361,3372.03723052414
1362,4632.30666313968
1363,1388.75263730792
1364,4455.52889810057
1365,5235.92720839891
1366,6532.65122722953
1367,3451.61820612776
1368,3202.93870706903
1369,2990.284611831
1370,4066.64369760115
1371,4194.06340795223
1372,2124.89221196609
1373,4397.65825729814
1374,4325.98880576826
1375,3100.83698319401
1376,4913.79816761568
1377,6995.84612882934
1378,3169.72511739804
1379,16436.8313710736
1380,3746.74432438033
1381,3492.36255202999
1382,39529.9149114528
1383,6111.82713048661
1384,5123.54248682909
1385,4768.1978811911
1386,3490.83439902684
1387,2848.31499099243
1388,4622.16392844052
1389,6620.94545091324
1390,4785.64614167058
1391,6e+05
1392,5822.98685900909
1393,4433.1009200666
1394,2100.54716739814
1395,2354.44365731609
1396,15676.3320778699
1397,3815.57915463051
1398,3567.70900032145
1399,7664.34486594011
1400,2084.60834508902
1401,3628.43249540478
1402,5674.03242897367
1403,2655.70727315558
1404,16338.004968066
1405,2034.00464843419
1406,4002.17714891448
1407,3917.09413086369
1408,2523.43531092195
1409,8310.22628413805
1410,6545.76310220983
1411,4189.27620501139
1412,8325.70555199392
1413,6069.35478350397
1414,1670.83669082892
1415,7334.00643626787
1416,5935.15819238561
1417,4533.72425457847
1418,4358.48291224404
1419,7360.5320993431
1420,3211.32735793225
1421,5373.82661459247
1422,3000.79814808658
1423,2651.89044859382
1424,5645.20511007096
1425,3034.03828643898
1426,22206.3036609504
1427,3019.90736445274
1428,4578.03651855567
1429,3193.74380445425
1430,2998.06392283116
1431,4158.95437245294
1432,19225.7726304976
1433,3400.17263244305
1434,3004.2600414421
1435,2615.22932456322
1436,10509.1718328412
1437,4436.13656857094
1438,6e+05
1439,4204.49629994971
1440,2946.83816539906
1441,5277.74595033262
1442,5851.12730926083
1443,12989.3419076341
1444,4799.6810468587
1445,3750.06545735445
1446,2758.59837622533
1447,5034.77893027419
1448,3747.28000413436
1449,3023.18590076614
1450,4562.85500270233
1451,6730.67808366194
1452,10218.6070153416
1453,29588.27146532
1454,9303.97309068228
1455,3064.86554294288
1456,5701.16437015803
1457,2838.52812936591
1458,3214.15492993677
1459,1918.55022927214
1460,5523.97031595445
1461,6662.58801024731
1462,3579.35737590441
1463,5945.27325271584
1464,4239.66610023484
1465,2009.74672389572
1466,5223.22624283582
1467,2505.32416830112
1468,3826.97274027486
1469,2303.87406491261
1470,3815.19017140236
1471,3467.18171062637
1472,5802.33123699128
1473,9564.14434606976
1474,3396.02552850004
1475,3294.17910911166
1476,2055.70868114788
1477,3908.25809358134
1478,3875.80910939344
1479,6831.73066637568
1480,5247.61325738314
1481,7391.01802391509
1482,24679.930405537
1483,2893.21860039129
1484,5813.62886867589
1485,2895.15789284391
1486,6179.3157195944
1487,20039.4632781145
1488,4524.54452737009
1489,5269.63265256843
1490,5728.60106305855
1491,8393.37595706318
1492,4113.13426571264
1493,4193.5097597533
1494,3988.73797918553
1495,4602.43626267689
1496,2197.13212747193
1497,19639.93112134
1498,3180.43054360837
1499,2340.38054536297
1500,5747.34985708795
1501,5661.76733080021
1502,4464.08161455728
1503,4567.22396303812
1504,9018.02652717338
1505,7628.3862965303
1506,2266.61045073321
1507,2100.20469753766
1508,1786.28732342033
1509,6911.76312072052
1510,2678.99723570181
1511,2052.78386549943
1512,6436.01063604539
1513,40655.2868049392
1514,6130.06772925979
1515,7610.86669739091
1516,2457.94984138959
1517,8223.48800646981
1518,6808.30548368845
1519,2868.47288263232
1520,61626.4338691234
1521,97256.9524631158
1522,24493.2140994105
1523,4892.77725345003
1524,4088.2886012199
1525,6308.78756376796
1526,7178.37804102055
1527,3885.54613624694
1528,11340.9033274365
1529,4720.96825725955
1530,129145.512292123
1531,5096.06462975128
1532,5639.15125369686
1533,6187.07361204809
1534,7337.22048546387
1535,6962.68208229761
1536,3569.19463122795
1537,3631.58987500116
1538,9893.85969553017
1539,6175.7014303675
1540,3417.23321736564
1541,5213.5276568207
1542,3222.10581799877
1543,3675.66392016086
1544,2372.17877994796
1545,19745.2556696373
1546,3408.00392290349
1547,5148.89335769561
1548,6119.9252680952
1549,3622.26043849189
1550,3071.83360965764
1551,3118.47259321418
1552,3419.9019546927
1553,6178.92559871989
1554,2043.65216262136
1555,3494.12059749494
1556,9135.94649249282
1557,39021.4502695485
1558,65213.5319548637
1559,5319.35311683089
1560,4236.50463639863
1561,4333.76672440567
1562,20374.3023556323
1563,4338.86418445038
1564,3924.71412309638
1565,5271.6960673188
1566,3327.578660096
1567,7405.40736597942
1568,5294.96842730831
1569,5997.56824865687
1570,18163.0273136692
1571,11727.4283651119
1572,23046.5365949442
1573,3070.10706660612
1574,5328.16964565061
1575,4411.08555678243
1576,3076.04992923746
1577,2772.80724135684
1578,4817.95449476302
1579,3374.68233735034
1580,3724.47904045617
1581,6294.24219076604
1582,5982.42977378615
1583,4384.90330448362
1584,9635.86169245234
1585,3035.60995056417
1586,4409.43831790186
1587,5062.59632104122
1588,7893.53908055352
1589,5327.68131738043
1590,6377.35560156838
1591,3817.66700325591
1592,21493.2085947215
1593,7821.1439445821
1594,3492.149556569
1595,4831.14373661314
1596,6314.17583629425
1597,18539.4386863051
1598,3668.92733681112
1599,2147.77142122235
1600,2678.61232646075
1601,3580.73051388413
1602,2353.12926450392
1603,2606.79311891246
1604,1899.31661864958
1605,4462.5415447699
1606,30683.4309155912
1607,4818.80322952559
1608,7853.22250722401
1609,7404.73561419119
1610,37604.4382483476
1611,9485.04275469521
1612,2411.48410725416
1613,15229.0934328082
1614,4985.03010529518
1615,5742.76675331676
1616,3527.7616920255
1617,8763.69796253498
1618,3699.21905258583
1619,13479.5507372781
1620,3639.33588206613
1621,5737.70530568992
1622,1598.01504754209
1623,3159.6242774683
1624,4694.4302040684
1625,2432.39132338039
1626,8639.54362364772
1627,2106.26486507237
1628,3109.7908886856
1629,3880.44002622974
1630,18988.4777579884
1631,2709.49214947875
1632,5931.18475486869
1633,3758.41019584069
1634,6338.64973754168
1635,5806.66374821589
1636,3715.04774585808
1637,6413.33497370549
1638,3413.11420572394
1639,10332.1628575098
1640,4612.80887433214
1641,4879.41772610373
1642,2922.32786210335
1643,24598.5884859375
1644,4971.14641184878
1645,1945.49426409077
1646,3112.6859116328
1647,2590.5257648357
1648,7109.20849132029
1649,1833.07765074133
1650,3448.25942967228
1651,5419.62031194013
1652,2543.92027918755
1653,3758.82571686641
1654,5372.92923028103
1655,4586.91232712287
1656,4100.3684010033
1657,3508.0637593194
1658,3541.06623814324
1659,112729.34636066
1660,3904.13803092017
1661,69866.0505849024
1662,6837.78422069476
1663,4082.00122572739
1664,1748.95142260107
1665,2459.76607489364
1666,6793.2381250807
1667,5731.80522208079
1668,3025.37274076705
1669,6461.17959949185
1670,2655.90960746222
1671,8645.7597161136
1672,3582.06370256866
1673,3896.80108315696
1674,5417.75927274624
1675,4423.74749290599
1676,3943.04475083897
1677,3704.11364632568
1678,24188.3087582941
1679,3051.26895421776
1680,7194.86999971204
1681,4982.70491821331
1682,8404.84961844452
1683,4288.53664772711
1684,5419.94084252786
1685,4538.2535850883
1686,3191.10348897045
1687,2682.33463623234
1688,3066.9515170753
1689,5788.37518958673
1690,9857.85383415906
1691,5722.93911898032
1692,5909.04984588117
1693,41325.0046029165
1694,2131.38295842533
1695,6244.21630276108
1696,3127.89068199314
1697,3857.77430070605
1698,2964.68594277823
1699,20815.4618766543
1700,6909.44295909293
1701,4525.89663358051
1702,4266.71546498481
1703,4080.32275952995
1704,1830.92122609675
1705,3878.14368255759
1706,4548.11280835996
1707,3440.71776067217
1708,3300.63723097004
1709,3271.71007656834
1710,7235.10543728524
1711,2403.74075301382
1712,2012.43958927645
1713,10402.3614912151
1714,4711.46229986593
1715,5178.04135369664
1716,3169.26800469578
1717,4014.40070446883
1718,3154.21698725342
1719,6128.30273527012
1720,5953.66841896133
1721,2592.00354347906
1722,3504.35689831983
1723,5116.74446662593
1724,4770.73565248196
1725,5753.35200484938
1726,3165.67540809854
1727,6122.46772182372
1728,158289.226733576
1729,4656.58843697796
1730,4329.12597668853
1731,4434.05136649739
1732,4807.63573974709
1733,3236.56278325087
1734,2267.71722025439
1735,4515.56526031173
1736,2870.89171236136
1737,5313.01762876705
1738,102014.657380635
1739,4534.35804994623
1740,4093.45262652904
1741,3074.091410777
1742,2690.88944136067
1743,3101.92960018262
1744,3285.07499807351
1745,3188.28360836294
1746,5949.64999467729
1747,6303.92381783163
1748,6872.51939994211
1749,5995.45187493528
1750,3614.74422091777
1751,2835.5999145229
1752,4891.86391544477
1753,3229.67227360219
1754,2564.6705476484
1755,11178.5950467719
1756,6886.12120190185
1757,4862.93824537211
1758,4656.83367157377
1759,2655.46114789765
1760,4055.4300662207
1761,2016.96684193571
1762,9477.76737063969
1763,3418.56212793772
1764,6209.62387877384
1765,4764.95894603016
1766,2776.39556187932
1767,7030.05180818511
1768,3848.52492296581
1769,7596.62640915693
1770,4135.00056418136
1771,5646.93439528227
1772,6290.62764546373
1773,6573.80826276588
1774,6741.87118624838
1775,5236.47434030296
1776,4319.53853837447
1777,183701.916489677
1778,3285.97614622427
1779,2920.06105519389
1780,5687.33185055065
1781,2203.33674641066
1782,4353.6457830086
1783,6521.61545840582
1784,3627.34970608982
1785,5252.7154162604
1786,5708.2338043396
1787,4968.33600786186
1788,7372.6196433848
1789,3429.73338980627
1790,7028.35486214821
1791,5509.89628014244
1792,4750.96185702972
1793,5879.10916291043
1794,4719.83592312612
1795,4383.3874698335
1796,5396.09844923888
1797,7633.32901778379
1798,8224.11604080628
1799,4634.90814386622
1800,3437.0253357783
1801,2907.88973819981
1802,1646.50996335181
1803,4383.78384515207
1804,2599.70748744875
1805,2435.74731523785
1806,5040.80725560271
1807,2882.39161070444
1808,5677.10709530623
1809,2233.07721960225
1810,2917.63006776003
1811,3842.5698146467
1812,2364.51720062991
1813,7362.52515490021
1814,10410.4342829108
1815,3991.01628348493
1816,6517.42321542654
1817,5182.00108769634
1818,5133.64938429301
1819,2592.01247158764
1820,2123.78655706371
1821,6672.91433815148
1822,8989.98935047164
1823,2190.77631110204
1824,3303.26587997199
1825,6662.94845549018
1826,7545.35912378718
1827,3813.7897776412
1828,2267.69906110665
1829,6101.87069827574
1830,17199.1929683414
1831,5990.29169391002
1832,95414.4263929224
1833,5925.48040602832
1834,5071.36778417235
1835,8110.7245474562
1836,8249.19031311867
1837,5148.00064086056
1838,4492.93171612616
1839,4183.80877505249
1840,3596.7742458589
1841,6382.42998606011
1842,2588.25600008792
1843,2384.88840223332
1844,4103.45425747923
1845,6066.21558418006
1846,14386.6232826025
1847,2508.40336645323
1848,4138.07625372891
1849,4610.95201065477
1850,3721.99547883583
1851,3522.79105592686
1852,12792.9797141513
1853,4692.37567406057
1854,3484.68775377561
1855,2987.68957557713
1856,6643.9463408389
1857,7050.70615986448
1858,4359.16953585674
1859,5159.17859175613
1860,7339.3913472508
1861,2388.08898743638
1862,3378.89525238327
1863,3235.6456548277
1864,28941.7152647387
1865,6041.5337179101
1866,5227.26195873295
1867,3728.37833365361
1868,1906.30830970054
1869,5350.43755885237
1870,3740.59938301324
1871,1939.35196601031
1872,5226.65121232635
1873,6879.57685140127
1874,5617.72463779759
1875,4484.10683542393
1876,2795.6862330403
1877,3486.21647013922
1878,7969.8721859317
1879,6485.82293640921
1880,10255.1257456048
1881,2147.10631701747
1882,2748.55427299553
1883,6e+05
1884,4232.57052989487
1885,3041.52041398898
1886,5363.09663168033
1887,4762.99526292329
1888,6360.75817968506
1889,116732.334871225
1890,2685.82238761737
1891,2992.25421338979
1892,33709.7940915157
1893,4791.54009883838
1894,2352.63909243564
1895,2523.5082339453
1896,3815.84785942251
1897,4754.40274172911
1898,3246.90445179716
1899,2144.36018142924
1900,5957.06513036243
1901,4347.53436580482
1902,4978.31348126589
1903,2526.05992432139
1904,6068.79420077998
1905,3701.52268983967
1906,4047.33630899513
1907,1881.67440422268
1908,2179.02257343586
1909,3313.85199567502
1910,4790.47349868307
1911,8897.57880957519
1912,2972.11196940231
1913,2831.76302871508
1914,7255.08929310872
1915,123485.710533785
1916,4905.13391599178
1917,6447.08475024154
1918,7451.25628505142
1919,4367.59979513351
1920,3008.76923739164
1921,2017.90563267861
1922,2696.6990305883
1923,2667.39069353854
1924,3974.50748170826
1925,7219.08926424998
1926,1878.87815735245
1927,5330.8877286665
1928,7420.72944602944
1929,5730.65923654524
1930,3193.04778352412
1931,2408.90891972158
1932,4183.98070833866
1933,4408.11803779079
1934,175067.10933066
1935,5641.36062263115
1936,3513.03728382111
1937,2642.25342992988
1938,3301.14420845706
1939,4603.97151390168
1940,2808.57001213854
1941,2802.37018267637
1942,5484.07299049757
1943,6450.08733427951
1944,5435.60867921147
1945,5290.6559286252
1946,3386.05997262798
1947,28446.2890876032
1948,7218.0137427406
1949,4827.01176470843
1950,2232.31199803653
1951,5891.03344359657
1952,4888.81253936612
1953,7667.81328196512
1954,3519.42470957279
1955,4873.63564090552
1956,2401.4999143073
1957,3326.05417224076
1958,3726.38541732561
1959,4498.49173980191
1960,5090.41906403773
1961,3249.57153651441
1962,4170.60176360611
1963,3999.78826650412
1964,3718.40300245457
1965,2192.05173297
1966,1805.00059415994
1967,25010.7321139184
1968,4250.58008174419
1969,7442.49321380628
1970,3318.49967193664
1971,3048.48932721928
1972,17793.7156250491
1973,4003.59722786782
1974,8734.4146372533
1975,2926.28043760166
1976,4713.677943894
1977,4896.76515505728
1978,6969.66210581768
1979,5599.2132353215
1980,3352.50147368805
1981,5572.30434995287
1982,6281.73723279368
1983,4470.12371878595
1984,3581.6414104244
1985,5709.09382526042
1986,4475.16832430262
1987,3252.66989936183
1988,5325.91218143644
1989,5821.77281003284
1990,5703.79218206375
1991,2968.84347239991
1992,5040.83269774894
1993,5762.54235539615
1994,7573.91315004007
1995,2332.01814217277
1996,8790.40151141954
1997,5332.14600330943
1998,3112.42184334453
1999,2672.78014312342
2000,1903.35477872437
2001,18137.9819223931
2002,4475.84753555127
2003,3319.42066770034
2004,4669.52163366243
2005,3773.31252168068
2006,2370.88594117629
2007,6225.42101978011
2008,8871.73510697301
2009,3697.94137788372
2010,7344.62998836111
2011,3538.82126013179
2012,5235.26451042898
2013,5789.38533207143
2014,2587.75131808285
2015,3231.51990262401
2016,2795.98912805139
2017,4969.64882321834
2018,1951.27599102173
2019,2306.14311789951
2020,3317.33708159969
2021,3589.64176103642
2022,5921.4489713158
2023,3379.64418538843
2024,3491.8048561564
2025,5540.02575183454
2026,6155.18813319792
2027,4486.83081467719
2028,8775.72108036216
2029,6247.18160864187
2030,6966.67334164009
2031,3202.77711920979
2032,3120.55384045871
2033,2576.62447640033
2034,11848.7970934509
2035,3437.16702897524
2036,1934.44618670519
2037,5514.16025961373
2038,3455.65866681709
2039,3020.19252931754
2040,2528.70845525104
2041,3326.62712048885
2042,4225.63000781872
2043,6584.16757993106
2044,1765.60000515821
2045,2041.30960842231
2046,2707.03566685603
2047,3084.74958911451
2048,7204.62176273673
2049,6328.08032271654
2050,5852.53951662371
2051,3548.7234904696
2052,17916.7488685712
2053,5382.00849901254
2054,5125.32201344105
2055,5732.49878622102
2056,3757.35626658086
2057,4472.80216154988
2058,5364.52958011256
2059,2890.30949261285
2060,6199.23605327362
2061,2604.70997496766
2062,2558.38339889996
2063,17351.248558731
2064,4471.83484674785
2065,7288.02987001783
2066,3519.22766777927
2067,2368.03573014163
2068,3216.01146544196
2069,6571.72371186634
2070,3679.60741453839
2071,4557.92162432645
2072,3293.44843080948
2073,7290.88790731403
2074,16577.6673955143
2075,6598.02602126861
2076,4295.0755083739
2077,4846.96351307825
2078,27431.2052567944
2079,2916.63933888215
2080,30788.1204561432
2081,7728.68177236888
2082,7136.58876123876
2083,3515.51103047409
2084,3301.12218220656
2085,3813.33915306392
2086,3589.98661226179
2087,5895.96996199904
2088,3527.04687419841
2089,3701.98249845922
2090,3791.12710192459
2091,8933.09354974246
2092,3764.04167302257
2093,5599.17347761379
2094,3504.60425414835
2095,3817.68425267571
2096,3254.93050588682
2097,1938.69925583898
2098,5769.06416998478
2099,2376.69937436286
2100,4976.82696646259
2101,7013.67420507827
2102,5485.51425101579
2103,5110.15826262232
2104,8500.37529432005
2105,3330.25590427971
2106,6829.07249022599
2107,3252.76556853182
2108,4956.26364360788
2109,5243.53718024288
2110,4283.97428805032
2111,2888.86753143898
2112,2928.016411646
2113,6256.51126572963
2114,4947.18003518781
2115,2574.73345187368
2116,5431.10723640284
2117,2988.88340725355
2118,11147.3334628678
2119,5499.84495153267
2120,2525.76646175754
2121,2880.74487580191
2122,3530.55757072189
2123,2157.92399779593
2124,1962.91584913235
2125,17847.7563907851
2126,3797.45166797985
2127,3558.30161144216
2128,5805.6747096544
2129,7250.92239189778
2130,3628.93385784331
2131,6351.18950451943
2132,5125.12845211499
2133,7672.80893842605
2134,6212.20365787299
2135,3318.12864714426
2136,50459.7539511601
2137,1960.75239305738
2138,2609.80655134906
2139,6589.44200098482
2140,5048.44740242825
2141,3987.62894583652
2142,5908.0785422831
2143,3466.8376535379
2144,2327.98924889159
2145,2575.89901436177
2146,24593.5658481574
2147,3488.53705516528
2148,19737.1165813144
2149,21599.7212401852
2150,3839.32135408653
2151,4663.62275657569
2152,8701.74408927444
2153,2772.85070905388
2154,2025.78510346585
2155,3451.85812028411
2156,1848.42902761007
2157,5134.96432969242
2158,9143.53455740155
2159,4547.72915748372
2160,6774.01919245755
2161,2786.03636604738
2162,3412.50469855441
2163,3503.5055094872
2164,7311.26003129244
2165,5344.51300319634
2166,6127.02781529015
2167,6746.06723685124
2168,4960.93572111419
2169,27792.0626136098
2170,5658.95297148708
2171,1646.31397846512
2172,5021.59957984079
2173,4090.65456970648
2174,6446.00619644979
2175,2746.27637883317
2176,3324.69743361171
2177,3432.58625495455
2178,19907.4207190432
2179,77871.3383358217
2180,7281.96471697895
2181,367649.675790359
2182,2642.61953303971
2183,3248.61522518562
2184,4365.4939067834
2185,5783.20719393832
2186,1874.2584213803
2187,2748.4020894223
2188,177355.325232177
2189,4110.8749113269
2190,3845.23104316029
2191,6616.11754606151
2192,5496.55936621508
2193,4023.54545922819
2194,2830.62703051406
2195,6229.83945511945
2196,1956.14912760379
2197,2330.34485751851
2198,3772.77198541759
2199,3051.00352415356
2200,2982.76070413104
2201,21594.282950243
2202,5214.47019585346
2203,2484.39766744442
2204,2617.27108598687
2205,10140.8799669421
2206,1859.35573854229
2207,2257.05823438743
2208,6351.00958561177
2209,19848.7506952783
2210,3142.96866211367
2211,9060.51173871896
2212,3345.87445189283
2213,6172.74337453127
2214,2274.19239500038
2215,4601.06104536142
2216,3741.99655583496
2217,3784.96357034559
2218,5831.34989468086
2219,4200.29969221344
2220,8987.02932688993
2221,8163.56450640348
2222,16332.925689302
2223,3105.162548997
2224,2884.6920249246
2225,13401.2087144934
2226,3602.994554467
2227,2951.50678439565
2228,8138.31706453205
2229,11295.8968755461
2230,7372.59626651906
2231,9514.51099499238
2232,3194.868243642
2233,6972.20260351009
2234,3776.79228270513
2235,2046.91067198873
2236,2840.37024675469
2237,6240.02660082811
2238,15455.2549456766
2239,5352.33128250491
2240,2514.66212020858
2241,1977.99302510336
2242,4856.70000541215
2243,3864.658627492
2244,6e+05
2245,5215.09785626752
2246,5725.99675996519
2247,3994.28821527605
2248,3642.50686490019
2249,2564.88028116298
2250,5677.00392912442
2251,2376.04119115684
2252,3382.75233781736
2253,2720.33297181459
2254,3233.56382929541
2255,2759.14043177927
2256,5870.74781858844
2257,5686.47581779986
2258,3434.78259575224
2259,3518.82995221748
2260,4571.82303373027
2261,2238.93991932653
2262,27412.2786714598
2263,3511.71769726587
2264,5730.31433861944
2265,3287.32108752953
2266,5241.04053104594
2267,2544.78030710689
2268,2817.96752871128
2269,3116.62612543144
2270,5872.55483179579
2271,6843.0079666286
2272,1888.30590954348
2273,2585.3745268025
2274,4879.17638836993
2275,7484.48154429956
2276,1876.3690845538
2277,2822.1299596535
2278,3323.17920746609
2279,6357.32944053946
2280,2783.85610889261
2281,2865.30217244107
2282,4744.71130183539
2283,2971.44802505327
2284,7630.10025327374
2285,3118.15275997858
2286,2898.86093489825
2287,4588.05417197682
2288,4584.80154835696
2289,4525.69043999883
2290,6674.96689675715
2291,8421.50581268967
2292,4208.63284776697
2293,9624.51247190977
2294,3863.79664158058
2295,7383.21912722671
2296,3338.94292542406
2297,2671.93876710123
2298,4757.51857639502
2299,2762.03252210956
2300,1996.19938889859
2301,5248.05729429105
2302,11210.0578294732
2303,3457.92974472884
2304,150745.284049164
2305,6058.10465019574
2306,5788.91751020496
2307,2195.0443775562
2308,98480.9992064216
2309,6e+05
2310,3169.76725248128
2311,5289.94776097212
2312,17597.4600540837
2313,4243.8341687203
2314,4584.93936867743
2315,2668.15839003124
2316,5427.18293036996
2317,4172.10718765704
2318,4075.88113858127
2319,6046.46206867416
2320,3295.14113666281
2321,3256.99472738711
2322,3326.68852889318
2323,7766.95255410141
2324,9395.97983627419
2325,3374.52596132053
2326,4935.71341410172
2327,2462.83575857423
2328,3223.94900378483
2329,10531.3406816501
2330,4705.06251330226
2331,3409.75340553058
2332,4544.79741709055
2333,2271.85856265547
2334,2589.32981702389
2335,10281.4349630802
2336,3989.94045443897
2337,2274.35418749469
2338,7828.44937232758
2339,3948.85798151024
2340,3956.76363166717
2341,4233.28923870141
2342,3329.52506358747
2343,3260.64431040538
2344,5578.50265584921
2345,6740.01472383321
2346,7427.56491314078
2347,2542.83503280173
2348,6921.74829589054
2349,3380.92559458752
2350,4389.58517039203
2351,3948.14781521811
2352,4598.65808621319
2353,6132.34051718599
2354,4807.23528893717
2355,4430.93320229167
2356,2017.3864218563
2357,3699.71974039219
2358,4233.01063075274
2359,4397.54466336597
2360,5807.84896215836
2361,7765.43365461676
2362,3459.53197958246
2363,6156.25978535546
2364,3415.00092638461
2365,3248.72305484538
2366,2518.56541586083
2367,3292.82117741654
2368,88956.8870673312
2369,9765.61175845843
2370,2409.35329590271
2371,2896.54104549294
2372,4439.91923942146
2373,3923.20706325931
2374,2770.0081411504
2375,2900.1798079781
2376,3313.78440357173
2377,4257.014295682
2378,3119.31734597839
2379,5981.38211663506
2380,2706.95788442253
2381,4190.08772267899
2382,2420.55955254272
2383,2141.34729675142
2384,4181.34672322976
2385,1959.91676560199
2386,2425.92154636399
2387,2618.01390828997
2388,3543.84117079589
2389,4579.52296009045
2390,1964.61148220032
2391,5871.69369332698
2392,2685.13877852987
2393,3474.98985724463
2394,1814.38499123345
2395,3293.27459688151
2396,2598.04089709581
2397,1986.63541050016
2398,5968.31687024697
2399,6269.7616345272
2400,4222.62376648425
2401,3058.96193417452
2402,14015.8907950551
2403,2679.75400528641
2404,6073.28502179992
2405,6424.416420404
2406,23763.0892440103
2407,2975.44137943987
2408,3062.29722230478
2409,5326.4137189348
2410,2420.18338310899
2411,6082.38556587221
2412,3724.40109788414
2413,4830.5648917281
2414,7046.25161820124
2415,2216.48949663982
2416,36046.2804684956
2417,3201.82985845312
2418,3140.07415505798
2419,4092.35654484005
2420,4748.12117663044
2421,3708.31707695221
2422,2785.43159625563
2423,5980.75120253175
2424,7734.4165014329
2425,56011.2872629466
2426,4748.05650561619
2427,12942.7083127553
2428,6399.56108435863
2429,3991.68691125391
2430,6400.07321445571
2431,3054.77182888562
2432,6092.81773413086
2433,2487.43914422961
2434,4097.87610765152
2435,10996.6934391505
2436,3721.18354213767
2437,1661.75912163425
2438,3270.36021365569
2439,5517.98698104556
2440,4226.52785092415
2441,2930.71895213201
2442,6193.0769178964
2443,5063.5948210065
2444,4079.19722511051
2445,3410.04229913358
2446,4032.55406622059
2447,7069.46737370997
2448,4461.14642385243
2449,2471.50381257453
2450,6954.34322892606
2451,3343.30891819058
2452,6e+05
2453,3451.9273228774
2454,5438.57639571809
2455,6843.62531944637
2456,3170.66070642274
2457,3270.28124372391
2458,3006.64766814696
2459,8425.91319839456
2460,3201.41589308323
2461,4456.63932064423
2462,5918.41865476232
2463,3218.07263093309
2464,5495.27162723321
2465,18105.6560507924
2466,2822.77855463469
2467,4253.85662225207
2468,5928.49762779224
2469,5379.70701395925
2470,3367.05511590036
2471,4404.73973364603
2472,4725.42809160273
2473,5619.12030122777
2474,4218.66592889565
2475,94306.8281620366
2476,2243.38512923732
2477,3009.31717769048
2478,2729.05735523679
2479,4742.29717133185
2480,2748.88582180341
2481,3718.42880547308
2482,5016.40607867733
2483,3068.93132330067
2484,4345.6225224054
2485,6152.65774575173
2486,3425.01384671923
2487,2004.32428873723
2488,25899.9212046544
2489,2990.26508150131
2490,3275.24429569755
2491,2676.00059554592
2492,175078.665684334
2493,75218.6400102207
2494,2479.70728077657
2495,3318.19906577161
2496,5342.50522569696
2497,3794.80993668492
2498,3187.47118925865
2499,3364.6629032846
2500,16243.4809162372
2501,4464.78371404058
2502,4053.007856106
2503,2302.81816419467
2504,3246.59592198692
2505,3935.40611420005
2506,4032.93008986264
2507,2870.62292056223
2508,4025.25005247239
2509,6200.53413180106
2510,3100.89923879232
2511,3600.29316775449
2512,2472.6522791825
2513,4102.40349916871
2514,15064.3918264066
2515,6639.62013602561
2516,5837.74448415288
2517,6440.56773174889
2518,2098.62285943244
2519,3126.03737616017
2520,6096.5101822285
2521,5021.0680614516
2522,6649.13681736425
2523,4979.87028788129
2524,4032.91117327353
2525,17616.4368151227
2526,1679.82940927246
2527,5958.17236555168
2528,3241.80872410871
2529,4718.12007622819
2530,4992.45952556734
2531,2898.88044343214
2532,2355.41888679746
2533,1657.9380772356
2534,6734.52095123473
2535,2423.71417525545
2536,2021.71578715041
2537,19092.0189773273
2538,5714.69936179053
2539,6113.99242903712
2540,6754.32625186976
2541,6435.11296968128
2542,3252.84467937808
2543,5174.81418964239
2544,19930.0907580694
2545,4460.49372188792
2546,41083.3286584263
2547,4352.61736637898
2548,3016.20677814272
2549,6905.05825465236
2550,18382.1128358102
2551,8107.25781679177
2552,1727.40563621755
2553,12267.9963617892
2554,5641.47931362094
2555,7673.27148640315
2556,6926.45368218487
2557,5413.38259695779
2558,16780.1748812426
2559,5407.54519426969
2560,4017.91262019029
2561,3429.54742747884
2562,5434.85730262483
2563,8580.26620158924
2564,8684.15982323173
2565,3181.17475379173
2566,5142.12346054372
2567,4824.88698088181
2568,3054.71888464459
2569,6657.02212944357
2570,4507.81038574452
2571,6511.48246037769
2572,9418.95211500857
2573,5901.25058403768
2574,2069.1024458531
2575,3187.23678132922
2576,1851.0481231188
2577,2871.2769770703
2578,6982.81907685392
2579,2990.67622992731
2580,6182.09824324152
2581,269852.377128763
2582,4700.23421934406
2583,1785.11628162746
2584,5989.39166264785
2585,3468.19142115719
2586,3702.9265099335
2587,2826.26374339207
2588,6640.85517653394
2589,8895.59762352264
2590,4164.48292608952
2591,3610.27294962212
2592,2917.05857614263
2593,5602.16405073577
2594,3987.72912233965
2595,6533.55556050996
2596,3569.38266637171
2597,5292.22482075697
2598,4914.94279020098
2599,2539.67552064395
2600,7248.72235029781
2601,6014.06278782452
2602,7388.64414346102
2603,3048.85478009049
2604,4128.48068634368
2605,8398.06275156954
2606,6415.93914933146
2607,4765.28566341358
2608,4415.78533385925
2609,6832.48576578647
2610,5794.35188689529
2611,3644.54281179731
2612,6643.04445339675
2613,2195.11575051109
2614,4224.96634587997
2615,1910.74608418599
2616,3577.48769473634
2617,8985.06608911247
2618,2697.17706115061
2619,18975.1629210387
2620,2438.95194018505
2621,3266.93986721642
2622,4453.21654087741
2623,5096.28496553947
2624,30367.3517951282
2625,1767.38623874977
2626,29606.9379711202
2627,10122.7150517401
2628,23275.08713008
2629,5672.47034888366
2630,9354.73979562936
2631,5802.49273369743
2632,4520.56977945082
2633,3659.7058477757
2634,4273.0875873596
2635,4376.90305844436
2636,7399.05571267975
2637,2335.63022915115
2638,2398.20996009433
2639,2649.37708434656
2640,2233.78645306695
2641,4421.79096856685
2642,4154.49803098945
2643,4881.97438034043
2644,7407.30953978986
2645,7751.96176254754
2646,4782.12391359478
2647,4748.61262953176
2648,2869.37390124495
2649,4554.98888829637
2650,4723.91539148663
2651,2158.01661104682
2652,6375.26004827765
2653,4511.87751033457
2654,2024.26310837441
2655,6744.24254200707
2656,2518.86331894174
2657,7574.83601813683
2658,4487.27766069491
2659,4447.11214338231
2660,4888.96034885564
2661,3895.23434239744
2662,4607.03374452711
2663,6005.46443508986
2664,2560.11866221196
2665,6317.6927936306
2666,3170.40622635173
2667,5171.0769300505
2668,3930.87090221237
2669,4472.60157742701
2670,3700.47061725518
2671,6398.22318732862
2672,2769.50618577507
2673,2874.57401837725
2674,3593.12339022311
2675,3495.19705421575
2676,5098.76458534066
2677,3100.17843604967
2678,4872.2007426396
2679,2535.85758157443
2680,33365.1858083111
2681,2988.40962849309
2682,2597.87255968904
2683,2253.10663251445
2684,3737.12683495416
2685,8172.01624512789
2686,5875.94831730286
2687,3130.56995715228
2688,6265.25426262964
2689,4626.46111871595
2690,5850.64982604878
2691,19556.4214353205
2692,1831.98973616483
2693,2826.6823608397
2694,3177.7452629178
2695,5016.07899206882
2696,11841.4076686829
2697,3496.10654719268
2698,6224.18266498287
2699,39579.3769741461
2700,4781.08679442915
2701,5621.9443845794
2702,4259.85584073654
2703,4787.95839734904
2704,4338.52958291187
2705,6958.49228884826
2706,10001.6839478851
2707,7437.105870698
2708,2079.90948752516
2709,4102.56903952692
2710,16128.9975509339
2711,1830.36946225766
2712,3962.0772588456
2713,17579.7216151819
2714,4768.0878744386
2715,2364.44142995865
2716,4702.7896586497
2717,2216.89405657146
2718,4755.41757390589
2719,5215.78847717972
2720,8518.55980103939
2721,2411.9618932399
2722,135076.873688125
2723,4692.44710623066
2724,1804.96926696507
2725,5822.17465876949
2726,5765.06020677733
2727,9035.1613929776
2728,5737.86299749695
2729,2692.13137422371
2730,2346.30176592803
2731,7723.47279263088
2732,3476.83122348277
2733,8697.82986180196
2734,3860.77117462167
2735,3005.64611515327
2736,8422.28377580946
2737,1837.39350568166
2738,3449.83870395774
2739,5823.14245724048
2740,6199.88956776157
2741,2731.28206235151
2742,3320.54425737455
2743,3188.12418960588
2744,3608.53080664924
2745,6052.36983854029
2746,63922.5182779845
2747,4997.33494355341
2748,2869.71983993051
2749,2400.72426283605
2750,36966.9921136376
2751,17783.8857370549
2752,4657.7553483561
2753,4597.69362948709
2754,344484.707747581
2755,2882.61725410834
2756,2485.61640097455
2757,2887.81399583529
2758,4839.54352901884
2759,6166.03478758303
2760,5101.92404714502
2761,2850.8322438295
2762,4771.88855458885
2763,3064.62942542244
2764,3931.69564397488
2765,2750.51238232607
2766,4459.09593651608
2767,15971.0427626279
2768,2326.09097382321
2769,4980.22985352537
2770,2882.75775116762
2771,18487.6466562873
2772,2181.68425626596
2773,2834.60463201646
2774,4261.33482411866
2775,5700.80910707651
2776,17796.172075334
2777,5253.09464293612
2778,1818.47046243304
2779,6e+05
2780,3385.56114568728
2781,2854.81111975097
2782,4519.88736626834
2783,3805.79569741255
2784,1964.25439476253
2785,2245.88916885897
2786,3795.09327559044
2787,4460.66419455031
2788,1967.43520123562
2789,6319.96159444756
2790,4149.56782400936
2791,3780.25077796434
2792,5729.99489646534
2793,2724.84165271176
2794,6116.84228062848
2795,1731.17296932876
2796,4363.1748799458
2797,4434.33510329268
2798,3520.98539496608
2799,3068.40728409849
2800,3619.25325037716
2801,3525.29959441881
2802,4412.63383196727
2803,9101.19433761401
2804,296904.903875084
2805,18321.8966311512
2806,73818.1362692967
2807,6411.32325273217
2808,8966.50723097691
2809,4720.48565775371
2810,5401.29343467076
2811,5678.8084502432
2812,3269.75407455615
2813,4697.25645988488
2814,3382.54969593592
2815,4587.75305246781
2816,2662.91356699911
2817,2471.94812045587
2818,52510.8373173256
2819,7979.57634426102
2820,3625.00712977919
2821,4006.77118959171
2822,5452.21161305774
2823,16479.3288807488
2824,3603.29748932651
2825,7788.69772464414
2826,11591.0727770799
2827,6526.64511926848
2828,4202.76449976637
2829,227176.75095138
2830,7778.00472981083
2831,1994.60209675677
2832,4884.07670421531
2833,2252.15128744661
2834,2783.31390642079
2835,2749.30441024889
2836,5264.68776712692
2837,3310.12982826667
2838,4045.09446314584
2839,2395.38461189086
2840,4854.94723830293
2841,6427.45349315609
2842,3877.57000741601
2843,5129.87001022036
2844,10609.5501382761
2845,5644.80479653152
2846,3393.83322851087
2847,13318.9752164708
2848,7492.91188183889
2849,3511.26830023152
2850,4313.87095675808
2851,2817.07287408906
2852,5988.1054863577
2853,3976.17722085842
2854,36806.5768170451
2855,1827.46771625431
2856,5542.77817863307
2857,5471.32465749359
2858,22507.9197459508
2859,4979.74932465146
2860,4893.09770598182
2861,2749.15423580107
2862,5817.83346898331
2863,5592.21694294038
2864,3703.67727670516
2865,13870.9692859188
2866,7341.76393952063
2867,4236.91214069909
2868,5496.92591395946
2869,4290.03470999111
2870,1975.03412328061
2871,16499.5341128878
2872,6366.21549037164
2873,5721.3259620019
2874,3954.38049340145
2875,2153.84391352201
2876,3328.08059838869
2877,6611.95371109277
2878,9174.55539050513
2879,4039.71099774504
2880,3829.67107096274
2881,3290.80842390224
2882,8043.32749707288
2883,2816.39572004261
2884,4061.47696094787
2885,6408.74527378723
2886,2298.20974173049
2887,5562.77230029068
2888,3175.86981525703
2889,3869.1267450812
2890,3467.05824829499
2891,8216.07831663527
2892,3323.75166272715
2893,3103.99679114641
2894,8521.97900776957
2895,3140.43745793651
2896,2163.93852259967
2897,3474.01380725607
2898,3143.05078488519
2899,2983.84799278038
2900,2932.5089694615
2901,3855.13602045803
2902,5999.1689388871
2903,6735.33993842871
2904,2593.17214835292
2905,2465.61151614283
2906,4732.50543843221
2907,4326.22047406042
2908,4214.53230808767
2909,3774.25042041
2910,6374.65452909109
2911,2793.41491822945
2912,4515.81235496171
2913,5783.32862402224
2914,5597.84019809354
2915,5154.49335550636
2916,10216.121972054
2917,6610.30900642755
2918,2442.29666210063
2919,6480.14202192843
2920,4588.33733306071
2921,3097.98694245099
2922,5452.15516676154
2923,7423.32027162129
2924,2062.48934363343
2925,6437.88940466486
2926,3565.56026446567
2927,176206.405479656
2928,3471.15351510078
2929,1960.91347048054
2930,5667.88812637058
2931,7743.56122089575
2932,16508.6808950245
2933,2703.02039253279
2934,2809.92517629991
2935,2298.96254363901
2936,4490.49718329263
2937,4969.17060229074
2938,3427.58470509568
2939,7728.0895263426
2940,5726.15833150625
2941,6003.4195270726
2942,4033.95687711994
2943,2331.29828162033
2944,6358.42934913979
2945,6770.11550405859
2946,2198.89411275037
2947,5206.56728223581
2948,2431.34599367201
2949,551695.856714245
2950,2050.90027721981
2951,5819.32420916737
2952,3914.24586803043
2953,7370.74328509799
2954,5859.77829498867
2955,4353.66820014265
2956,3312.90661147305
2957,2420.14883659576
2958,2491.49596712548
2959,6185.53586647204
2960,2466.39208672642
2961,5710.21466543111
2962,3921.50161996133
2963,5464.8419985478
2964,6112.69276411481
2965,4870.52408569802
2966,3526.34589176766
2967,2125.83391628137
2968,5192.82544802218
2969,1892.11484715041
2970,4084.15131688758
2971,16202.248481372
2972,2953.72839558242
2973,2880.91751267224
2974,6431.27916733727
2975,4311.32625631981
2976,2772.2070002018
2977,4842.20905118501
2978,80884.2891945624
2979,4417.02618321969
2980,15249.2940236023
2981,5440.97302402727
2982,3988.05063616172
2983,3346.54344421375
2984,16299.6413674376
2985,3801.96348087833
2986,124614.61986576
2987,5421.04413685613
2988,4539.24225586194
2989,3835.52377122116
2990,4803.05656950893
2991,3600.7365616121
2992,6106.58207229078
2993,29814.5051801596
2994,6239.40588097578
2995,7508.33120025802
2996,6936.19572642375
2997,3708.35539182435
2998,1907.03380876063
2999,4410.94974027381
3000,3277.85525774277
3001,113676.329417353
3002,1831.89379026904
3003,3365.23409237765
3004,9348.56226053059
3005,4636.56056191143
3006,2225.42182963795
3007,3528.57352800625
3008,3648.49166019345
3009,5005.82706532726
3010,2961.39968787985
3011,3549.79247992128
3012,2974.81755546894
3013,4132.91314961312
3014,2835.26491407276
3015,6640.69984282031
3016,5945.23303304165
3017,4552.14497194698
3018,3554.65120772415
3019,5976.06436933411
3020,2535.32533212917
3021,4898.36092496292
3022,3824.04547217245
3023,4669.22297972392
3024,2702.13060563876
3025,6513.69313520325
3026,7189.65190029362
3027,3954.57627570027
3028,4682.85836396695
3029,3581.68987421744
3030,14976.0764465834
3031,2945.12143989953
3032,2780.53229806593
3033,19517.2714117602
3034,3046.70901188326
3035,3376.30877964673
3036,2189.24306610094
3037,3115.50372740294
3038,2712.54914711357
3039,3478.55194557025
3040,22445.9959778828
3041,5651.42766696852
3042,1871.33690563168
3043,5321.52914080436
3044,2883.55422805387
3045,3801.1052345473
3046,7418.72092931473
3047,5033.44680822211
3048,2339.57202881462
3049,3711.71580819644
3050,6851.94774799955
3051,3691.82401861459
3052,7794.33066435164
3053,5910.41410592772
3054,2493.4708322559
3055,6086.49042877962
3056,6601.44658878979
3057,3457.41991088267
3058,3017.49469342114
3059,6190.61512084061
3060,3917.47281457423
3061,3377.54223011993
3062,54734.4812849766
3063,4418.44714780839
3064,28122.3895636931
3065,3106.46304783036
3066,4121.90208320367
3067,8477.54579599417
3068,1817.23273930425
3069,5419.20584563616
3070,2446.72736155772
3071,4049.52900325659
3072,2936.55485078322
3073,20491.2099347616
3074,4609.49122470333
3075,5014.36846293404
3076,6128.84312556426
3077,2636.6776541349
3078,3293.92777431899
3079,6804.70511173137
3080,1815.10640654324
3081,1711.58057181756
3082,3728.04242518501
3083,5767.63996781959
3084,7674.94860896559
3085,15215.9614064965
3086,4883.37731559347
3087,2635.28905547105
3088,6471.89570060684
3089,17235.7202501974
3090,1713.04572621984
3091,5323.82574401644
3092,3758.46926591318
3093,1914.3707361029
3094,35682.6656441424
3095,4172.48361405423
3096,4565.32976245728
3097,4150.07716785857
3098,3404.02212102225
3099,4879.50163833827
3100,3944.62679877892
3101,3539.6944173918
3102,3577.09646379757
3103,3162.26719430494
3104,9880.78048959266
3105,2758.01021548588
3106,6006.02402587453
3107,6168.98166775937
3108,3016.41337674188
3109,8295.65714764776
3110,6590.13591856551
3111,3779.14363421103
3112,4262.76785117166
3113,10284.4937468418
3114,5952.71090173097
3115,9712.30015806039
3116,2602.06391154213
3117,23440.9879841269
3118,6687.19319283126
3119,2586.05378933595
3120,2227.76397336205
3121,4720.43515668378
3122,3495.65918474518
3123,2040.69636314469
3124,4275.59020283015
3125,5245.97864709123
3126,2555.85920441095
3127,2032.17160312546
3128,4709.20819659097
3129,4863.93248509209
3130,5239.85139886938
3131,4882.95811572022
3132,1775.4651846086
3133,5017.84503566708
3134,2065.82949009279
3135,5485.88562592784
3136,3055.75602118194
3137,3983.04944820494
3138,6331.76820078273
3139,4897.9038058884
3140,6517.07319292493
3141,2469.76457617323
3142,3618.88598512431
3143,5084.0958874425
3144,4675.72113335933
3145,3288.37308972561
3146,3381.17897962664
3147,9940.89219308696
3148,5434.28272266997
3149,4219.68873377397
3150,3547.23308205026
3151,2305.58498123807
3152,3949.66707113021
3153,2790.77785143936
3154,6544.83851412173
3155,3155.86584529218
3156,2218.17859227254
3157,5223.25622903869
3158,5910.3164471032
3159,2083.32847811108
3160,4567.11374944384
3161,3575.18687055979
3162,82154.1463660716
3163,2319.897010756
3164,2355.15317340458
3165,2620.03327004755
3166,2941.70699231085
3167,1719.8691586558
3168,4525.73323553458
3169,3296.66447935794
3170,4767.60257263019
3171,4053.63693417148
3172,4924.32563819007
3173,7124.66292596149
3174,7644.80324408067
3175,4679.22252259326
3176,152064.776696268
3177,3591.51239522709
3178,5210.59143806967
3179,5042.15630888629
3180,7939.89440280015
3181,4771.76445705379
3182,112582.26898227
3183,6971.46716057497
3184,3071.60640549734
3185,1580.36033442296
3186,4395.43967108385
3187,3855.47870568614
3188,5927.29748853962
3189,2115.10415439527
3190,3210.47202469586
3191,6530.81651100083
3192,12664.7973458465
3193,3859.36072229631
3194,27170.5326495471
3195,2055.8901275592
3196,1760.85496303824
3197,4201.06110599142
3198,2945.06570463005
3199,2868.96663966696
3200,3516.07888924765
3201,5789.25783983418
3202,4854.95801931364
3203,11573.1559537704
3204,3449.68766563511
3205,6921.66262878028
3206,14989.5866059878
3207,4157.44875134296
3208,5606.4926152422
3209,6286.73626014537
3210,2932.52065428189
3211,7486.89415802826
3212,6501.55002622377
3213,2989.88833531577
3214,3108.35679723837
3215,4189.64207941138
3216,3687.40569318881
3217,3173.35760148655
3218,6110.36158948232
3219,5832.51435174318
3220,4239.64812508734
3221,3213.5437797918
3222,4038.1543140683
3223,6258.24044446866
3224,4585.67432522948
3225,6847.52565790587
3226,3416.90382569013
3227,6255.17761966667
3228,6339.97223060741
3229,3153.07740144395
3230,2996.23859655842
3231,59872.4068713834
3232,6756.20532122742
3233,4760.61617447127
3234,2815.61184115681
3235,4995.75364160179
3236,3843.74082297902
3237,2830.31090719289
3238,4832.3468083392
3239,4328.45039401059
3240,3639.21912549244
3241,32562.8469558456
3242,6817.72810485415
3243,2385.7058770978
3244,3532.50877974207
3245,6126.48450263203
3246,5759.14183334383
3247,3699.15648667123
3248,2783.32520223736
3249,5976.40356007597
3250,9323.84863336372
3251,4514.96951800075
3252,5760.91468003563
3253,4722.64458088697
3254,5709.55900711752
3255,5985.61146947568
3256,5694.92580507107
3257,2646.88816450916
3258,2458.14155338686
3259,2341.88595757985
3260,7469.68066926447
3261,5405.83833514217
3262,8094.1535289295
3263,4305.92796170517
3264,3601.78602656605
3265,3345.57094625214
3266,2515.274401182
3267,7619.31818351246
3268,5204.31399415116
3269,5574.40878645405
3270,3948.73139764135
3271,1941.99685224499
3272,3866.05142703197
3273,6671.8110108229
3274,12405.6617767519
3275,7945.29099632761
3276,2821.71995660146
3277,5458.4791848356
3278,4406.81993928644
3279,4982.58504687943
3280,9535.1310767564
3281,5685.71507448031
3282,6716.46933690348
3283,3918.89066900089
3284,3100.22432840977
3285,3692.132971014
3286,2452.28083629689
3287,3702.28111802173
3288,33325.5398311424
3289,3427.87149236218
3290,2830.84580650893
3291,4564.46745389275
3292,4907.62878610944
3293,4315.49427106099
3294,4557.13349535775
3295,6766.3967535402
3296,31152.0510388542
3297,3361.29052213047
3298,6366.2409823802
3299,6418.55826710583
3300,6849.47467093339
3301,4244.72264550045
3302,5116.49116709726
3303,4179.08555240304
3304,2140.45668126727
3305,3403.15887673299
3306,4524.43136035279
3307,5397.12908537358
3308,5764.67034596024
3309,4246.68943965952
3310,3132.74008326112
3311,90868.5660257127
3312,5111.36893356816
3313,2300.08622360299
3314,142723.14009436
3315,6088.85642972259
3316,4572.6214989615
3317,3471.6457797966
3318,2175.55321286951
3319,23452.0780023933
3320,11102.395093273
3321,7458.36592027703
3322,1979.36471472962
3323,42054.9483443715
3324,13321.2658977759
3325,5676.30893213614
3326,2131.18349204301
3327,5020.53982317831
3328,2403.93417060916
3329,3968.18564834711
3330,4648.07729615728
3331,16509.5035064353
3332,7562.65104563616
3333,6482.01464580031
3334,3737.33478650512
3335,3287.96782536225
3336,5950.20803090917
3337,5478.41656972035
3338,5651.34751007799
3339,4833.34625976945
3340,2385.13242709303
3341,5287.66224851683
3342,5417.16900161859
3343,4023.45824126597
3344,3280.78150835853
3345,4258.05649099243
3346,6456.67817674866
3347,4425.87981424552
3348,6134.94416604638
3349,3014.25691203968
3350,2365.90669145821
3351,4459.59874303075
3352,3855.9375101563
3353,4881.36865258377
3354,2981.94485176376
3355,2551.29090312212
3356,4733.26606424584
3357,3377.56949619875
3358,16746.1120542866
3359,2629.95599403254
3360,4359.55376794703
3361,6622.98770097736
3362,3048.20817066711
3363,4542.54913814899
3364,4928.06346791627
3365,5223.45901619257
3366,4834.92884826039
3367,8657.14708704926
3368,1981.83010182317
3369,3721.28952463581
3370,163897.65237518
3371,2406.70710671202
3372,7803.58685653373
3373,4275.48201523033
3374,2853.95971863549
3375,3986.18738172498
3376,3578.09175645665
3377,3470.37474218212
3378,4365.75285241863
3379,3419.89245147466
3380,5900.31514628828
3381,3960.31388891866
3382,3795.54695219475
3383,6104.9945968464
3384,5624.983453423
3385,18897.8990105833
3386,4585.38673740642
3387,5011.07621696066
3388,27403.2640485803
3389,2711.97378149003
3390,4223.42663390271
3391,1876.70032015973
3392,2010.74454885867
3393,5371.12981197713
3394,3273.62510551232
3395,1969.44798372547
3396,8316.11203045374
3397,5642.33740002147
3398,3248.92626040859
3399,6881.95391368077
3400,2647.45291290855
3401,5968.50393933144
3402,3280.88022942834
3403,5658.78892161056
3404,3353.11856170084
3405,187607.153281627
3406,22705.512906204
3407,3902.80557055123
3408,4646.39606827733
3409,1924.30425293701
3410,1948.19855241664
3411,4750.61337477026
3412,3545.82131290656
3413,2416.47868035214
3414,2809.02584562241
3415,6831.25114292533
3416,5105.31971848017
3417,2039.37128641753
3418,2622.51925878295
3419,7657.77394960162
3420,11205.4879712212
3421,1787.46581822322
3422,18514.5201963929
3423,2574.57592175345
3424,3115.98102591076
3425,4600.70978402868
3426,5332.43708183152
3427,1869.074734046
3428,5076.26604585996
3429,3554.85868113018
3430,2485.7776499179
3431,3903.77747238945
3432,3766.9978188441
3433,6312.49931268854
3434,4196.97744340384
3435,4834.9407890913
3436,3074.88584566973
3437,8273.73306757844
3438,4821.80617613202
3439,28929.7112336539
3440,3742.69073442703
3441,5267.18594747276
3442,3853.38874971357
3443,3248.8043221851
3444,4091.0333746583
3445,9479.58576626891
3446,2646.76057239639
3447,5689.43488319668
3448,2607.94951244396
3449,1977.32492557867
3450,6720.22847007607
3451,4655.69064842085
3452,6147.92667344183
3453,7377.66708851532
3454,3710.88234458978
3455,26035.6240502667
3456,10532.8073571197
3457,5156.64986469168
3458,3658.62686813202
3459,3741.90216961126
3460,4869.35137010243
3461,3545.41653345061
3462,2833.49146252966
3463,2424.92344621442
3464,2863.22411202219
3465,2374.18055492325
3466,30185.885396637
3467,2936.70418260551
3468,5482.64047730424
3469,3617.51664988179
3470,18332.7736389804
3471,5172.18822528175
3472,4632.27795724331
3473,6124.23580465265
3474,3773.38116911272
3475,4675.33428563357
3476,6650.79671504179
3477,5017.00598865339
3478,4917.85057989803
3479,3237.91236809819
3480,7274.96700880983
3481,2777.16436939011
3482,32803.2815783579
3483,2931.6453568978
3484,3636.56997969791
3485,4271.59665049017
3486,37675.7673364745
3487,5548.31774638537
3488,6478.8583989503
3489,5051.13333581781
3490,5391.41981974021
3491,5195.28337236836
3492,3837.56720271273
3493,3917.37314637622
3494,5356.61799359529
3495,3354.77728689795
3496,2747.64797645666
3497,3264.38301082125
3498,4065.60766261986
3499,5851.14439511015
3500,18458.2935813529
3501,60507.238733766
3502,3516.54319257636
3503,2525.1553324961
3504,19674.6286622552
3505,3330.80322476587
3506,1877.5740662619
3507,3052.33970899888
3508,5562.15461559475
3509,5977.17178126927
3510,3397.42817836308
3511,2918.92183194694
3512,5828.11646979734
3513,3269.63582261391
3514,3731.18650631381
3515,3538.71367319003
3516,4415.07156906103
3517,115706.950637411
3518,5021.41811518453
3519,6495.31820442299
3520,5101.71484894386
3521,16875.4652098592
3522,6066.38078609036
3523,3956.28080364347
3524,5772.86628221168
3525,2966.17545170868
3526,3612.14902410106
3527,3732.06473262679
3528,3656.61942412627
3529,5206.64706703656
3530,4744.64362917388
3531,7005.20756048193
3532,5063.80167948459
3533,3067.58956782668
3534,3181.42129575301
3535,2762.48226088589
3536,4331.43253851503
3537,2316.36501773773
3538,3621.29213213108
3539,3359.67054605211
3540,4132.50469929672
3541,6618.61254003295
3542,5927.62271932845
3543,2841.55102269352
3544,2035.55975693871
3545,1797.65748466706
3546,3383.87749424739
3547,4570.67820575935
3548,16358.0559085302
3549,2767.24722820123
3550,3168.60445396517
3551,2642.67188326739
3552,2840.98508193289
3553,3432.22697495816
3554,3386.07445658549
3555,2301.71439697924
3556,4546.12802956991
3557,13414.8780994763
3558,2999.97563524146
3559,5192.12766706113
3560,2311.30758010669
3561,2813.17923311737
3562,4779.89285167497
3563,4904.41362789004
3564,1906.98617751634
3565,2975.29948391663
3566,3160.73712739479
3567,6365.12723780857
3568,2889.43666917424
3569,3388.21594409004
3570,4276.59204778446
3571,5221.07164200664
3572,4306.08435113142
3573,4851.14906890456
3574,7356.1243232887
3575,2880.10144645439
3576,4985.85846593885
3577,10925.1963497497
3578,188883.60607326
3579,6134.64322012665
3580,3255.87458777532
3581,2119.58044241074
3582,1907.70008226739
3583,2255.20252259938
3584,3503.59038786722
3585,5210.54160773669
3586,4153.68342043856
3587,5102.54375459335
3588,2913.71028091894
3589,7090.78413839147
3590,4255.07891044585
3591,7583.6413085599
3592,3752.48979407023
3593,7032.3375543351
3594,3883.99025840038
3595,2873.63945200291
3596,3852.30126539755
3597,5893.13529248197
3598,5581.52609819656
3599,29103.8440824305
3600,7541.78803509621
3601,4243.75120580907
3602,3545.01723084926
3603,11254.8700699462
3604,2230.18452406214
3605,93971.0704034182
3606,50955.8800138191
3607,3787.86738701319
3608,2595.63607746512
3609,3770.51509169723
3610,1935.20291009696
3611,4271.77626798644
3612,5344.07098510904
3613,5556.84677939316
3614,7004.9555802951
3615,2902.71774486799
3616,7263.39528998853
3617,6961.26054578004
3618,2136.85675951672
3619,5558.64630010393
3620,3772.36961366725
3621,3867.97744867699
3622,5666.92414854959
3623,3593.91844750376
3624,7398.41414147483
3625,5698.48803635503
3626,4418.05320372192
3627,3908.47658228933
3628,6528.33916560213
3629,8550.46641502625
3630,5254.98550398237
3631,2612.58975213592
3632,2995.88256982119
3633,2696.14257998089
3634,6956.02746281577
3635,2888.36617494241
3636,6853.17192033089
3637,4545.35541527185
3638,1822.08854982058
3639,2427.39194908523
3640,3855.55304567667
3641,3489.03195131612
3642,2946.14679643389
3643,2606.49658129576
3644,2297.65752935447
3645,2501.39532218575
3646,3359.45878333018
3647,2479.78842800533
3648,29989.3281181906
3649,3584.67911154672
3650,3242.93666362876
3651,6420.79405681982
3652,3620.38175767324
3653,6179.16804287862
3654,4373.30293328373
3655,1901.20342269392
3656,6279.70506357435
3657,5822.45264194821
3658,2266.41564611615
3659,3229.28275659402
3660,5445.95684462536
3661,3138.14259262394
3662,6069.87649889757
3663,5668.57817235143
3664,4197.51098184292
3665,2521.43275333094
3666,2570.92369225181
3667,7547.87880284696
3668,12322.6664084698
3669,7226.39611088424
3670,6650.97857914507
3671,3403.87978554436
3672,4858.91610090053
3673,2081.60099082798
3674,5828.86256935512
3675,10908.91564037
3676,5815.40618611697
3677,3563.95215288969
3678,3512.26140364239
3679,3022.71404933789
3680,2471.45691374769
3681,4481.73184745905
3682,7061.87770221864
3683,6889.67110102104
3684,3964.45698672911
3685,3532.94921517908
3686,7206.19083488846
3687,5407.95895768904
3688,4576.91004877353
3689,4209.75888902477
3690,5892.03007662126
3691,3325.67051671878
3692,2567.00427569512
3693,7110.25003976172
3694,3232.90221690586
3695,4677.19711059941
3696,3994.91093377555
3697,3764.67197316407
3698,6117.28041915729
3699,3614.42679504178
3700,1929.56953124422
3701,6419.73678822506
3702,3417.32267548764
3703,7436.47313298653
3704,3619.63061100027
3705,143201.217703465
3706,4278.70679137568
3707,3966.04158115353
3708,4606.39572992466
3709,5816.47973383772
3710,4690.06571746101
3711,5436.73222176084
3712,8634.9275977363
3713,2730.44858505748
3714,2575.37443270084
3715,4638.10177801595
3716,2012.64197911093
3717,3519.44565250039
3718,11192.5993408423
3719,3600.14815793211
3720,6343.40493836543
3721,8421.59946095454
3722,2736.24228631825
3723,5200.14807658505
3724,6735.91192757926
3725,2791.7480547295
3726,2951.31252331971
3727,3487.69001569071
3728,3702.98622186393
3729,2502.63647537815
3730,2325.07160148242
3731,2001.17620015432
3732,3843.99891711634
3733,4304.48050073553
3734,6370.942608924
3735,2948.06805759161
3736,5557.17421770214
3737,4810.81780521736
3738,21303.84270616
3739,2502.76528956529
3740,5300.41483734942
3741,5013.66207983267
3742,6078.34305936287
3743,3445.13112046634
3744,3276.22460385496
3745,27858.596473039
3746,3000.67523221034
3747,3251.38533306574
3748,5789.22567135878
3749,2244.51461985654
3750,10396.7800492331
3751,5015.62464781964
3752,1948.98370932124
3753,4872.62345576896
3754,15859.3761245527
3755,6125.01673560983
3756,4935.17906142773
3757,1797.49418195805
3758,3991.6918594104
3759,2980.27160063657
3760,3858.51773213606
3761,4049.82297927853
3762,5138.77985284296
3763,5179.87872236439
3764,4930.18677765175
3765,7122.96811964776
3766,3484.1292188378
3767,2981.3747104992
3768,4737.6809745904
3769,4177.95655682132
3770,4696.21243739215
3771,2120.59810995001
3772,3287.5638697918
3773,5600.74710130383
3774,5778.09070353625
3775,5510.98211852137
3776,6011.65840992842
3777,3109.16337570983
3778,5148.86850543454
3779,4197.14872939733
3780,15521.9554980138
3781,1997.20513968895
3782,6192.8194546306
3783,6866.20623843798
3784,2367.58971757608
3785,3161.34796480138
3786,5933.61613719307
3787,2429.02318375219
3788,2872.43921781801
3789,3984.74811246728
3790,6664.94394917781
3791,2314.50263539769
3792,31645.1311091661
3793,4770.45638842396
3794,59749.9688090674
3795,2598.62030015858
3796,2480.60471181221
3797,3382.92008704584
3798,4343.59918985389
3799,5752.43665186564
3800,5054.2192280308
3801,5044.05136443646
3802,3986.23850908733
3803,5231.76468186832
3804,1966.85372193039
3805,4665.08613739665
3806,3404.12467012074
3807,2255.58130351494
3808,4899.27614378001
3809,6056.78521780156
3810,5828.63134452492
3811,31735.6750655099
3812,2993.08427452606
3813,3113.96853331145
3814,2568.14011397569
3815,7617.20544440519
3816,2560.0729863134
3817,3531.41436461483
3818,4691.12023386092
3819,18012.5294972023
3820,5263.56993900218
3821,6810.61399082114
3822,3134.5616626826
3823,2842.09203317364
3824,3147.2161257027
3825,3051.25855554686
3826,4318.45745810778
3827,4692.58745732186
3828,4384.87022946413
3829,3000.89314914271
3830,4051.63806140225
3831,23541.4517391769
3832,7203.38616897882
3833,11889.5894487007
3834,6575.21570531066
3835,3679.61785556678
3836,5171.84572447725
3837,1843.53383507168
3838,5536.00692155852
3839,2415.33996706211
3840,6064.2272661607
3841,4652.57747784271
3842,6014.17323180508
3843,4535.97536354325
3844,7668.25162579039
3845,4836.17868137896
3846,5168.26548011292
3847,21573.2452511279
3848,5494.38253302597
3849,3483.32046364159
3850,2226.5414423969
3851,3781.81912501683
3852,9448.88465439835
3853,3020.1238612142
3854,6130.49630880168
3855,2860.78602482177
3856,6776.522574815
3857,4242.8498129163
3858,6124.89972660597
3859,2793.81649975163
3860,5681.44841557675
3861,12400.8828613204
3862,2852.28558400426
3863,14897.4824970225
3864,5225.07444248793
3865,3137.78842598053
3866,1879.87805381355
3867,3706.04764062892
3868,91262.7568377579
3869,34304.2710442282
3870,5998.67796158393
3871,3058.63066495408
3872,6142.53408025697
3873,2773.18443106193
3874,3479.85675916162
3875,5430.55667640098
3876,2556.824294089
3877,2820.11801790533
3878,5179.33772201021
3879,5059.06771504488
3880,2699.8145297924
3881,1793.75304922339
3882,4740.19833443988
3883,3434.29348478007
3884,4434.30581384221
3885,2514.52477162296
3886,2883.68403312439
3887,2964.6066635212
3888,2519.65972813337
3889,2786.89739878119
3890,2397.62091556157
3891,2288.71126166857
3892,7600.30975485849
3893,5590.98278561139
3894,3949.28982766376
3895,4372.67862860116
3896,4850.94929513763
3897,6097.01819955394
3898,3288.82097317987
3899,2347.08851544347
3900,5341.75895330126
3901,3818.19125182745
3902,5077.43565188016
3903,3041.22148842406
3904,4444.18791863376
3905,5354.05400012201
3906,5775.89281653622
3907,5429.04720718174
3908,4358.26366602786
3909,3781.97770021738
3910,2763.52382421902
3911,4666.35946767604
3912,3674.69982848858
3913,26928.69083581
3914,147395.005587855
3915,3826.93353829954
3916,3890.26450156634
3917,2693.04717581919
3918,3636.49235332342
3919,5151.10060302123
3920,5858.04068852725
3921,3482.27830643874
3922,7260.47019539562
3923,5180.69172140393
3924,5699.74980516537
3925,3336.78150559563
3926,2060.64187790212
3927,1852.10872128867
3928,3267.34150942437
3929,3632.13243621486
3930,6623.98989324518
3931,3055.41934465663
3932,6358.36701704915
3933,2608.53496640965
3934,19516.4908974184
3935,5888.00685220081
3936,4050.48584456656
3937,2061.29810510446
3938,6483.14309345541
3939,3788.27869293216
3940,5630.73697304979
3941,5714.21120393493
3942,7023.06856335845
3943,3709.50324823511
3944,3387.20960450259
3945,5116.15650866507
3946,3753.19671757197
3947,3173.22587753895
3948,15841.2608950467
3949,207727.619985499
3950,5060.697452523
3951,8530.24501223325
3952,3666.29510193946
3953,6902.93833562011
3954,2072.00975442968
3955,4822.86427938092
3956,6848.89340555755
3957,3799.15536098247
3958,3287.26690879666
3959,5128.89540796539
3960,6578.0864480971
3961,4270.86171786652
3962,4441.14269704458
3963,7145.66701006313
3964,4920.27873786984
3965,4040.08897367406
3966,18094.5550526597
3967,3375.66859132524
3968,6740.00758405051
3969,9878.76385996925
3970,2064.55432416693
3971,25829.5940306013
3972,4675.00720944262
3973,5520.5669440785
3974,19610.7651430458
3975,2402.45977873169
3976,1958.48406719699
3977,6006.56355483032
3978,5141.65455407179
3979,1978.58930273067
3980,5287.8179295432
3981,3681.47646874157
3982,6660.19473562753
3983,2774.90434839813
3984,7406.43805138389
3985,4056.78748203868
3986,3732.79808344475
3987,2892.49733144518
3988,7695.11835744705
3989,2412.78687299835
3990,7411.94364607211
3991,5353.11360146759
3992,2266.95052411986
3993,3197.95654923004
3994,7386.99707660304
3995,8333.47452663774
3996,3052.81701603553
3997,2319.78264956492
3998,6485.00918586686
3999,5870.61852337658
4000,7341.66274154531
4001,4559.06544269082
4002,5144.12775891142
4003,5363.85551256691
4004,5102.72309919404
4005,6177.99230521737
4006,2357.6554652076
4007,3985.49507233053
4008,2094.72014972973
4009,9091.3469129325
4010,6493.21848134251
4011,3271.2814655498
4012,4459.56017482096
4013,5704.82134140112
4014,5369.44829069606
4015,57462.6688872971
4016,2757.51122359206
4017,1755.64216389377
4018,3562.46669776594
4019,7055.58237603094
4020,2301.9091305844
4021,5319.41153334422
4022,2840.07162968735
4023,5201.85301946382
4024,4733.59555404716
4025,20811.4157637549
4026,13687.2794983399
4027,2513.37498078764
4028,4128.21777840886
4029,3655.51876816427
4030,4985.79111469613
4031,2095.74304829735
4032,3557.50001764926
4033,2529.51371428106
4034,6416.50534574012
4035,2653.88560942002
4036,4508.42706623094
4037,3985.78475870111
4038,1935.81160697637
4039,6e+05
4040,17263.1545960645
4041,5612.09320207482
4042,5992.13887145108
4043,3314.83853662786
4044,21448.6033476713
4045,6452.19023739132
4046,61544.9935759159
4047,5413.87370651579
4048,3240.55422758681
4049,5511.06630843928
4050,6029.70218550776
4051,2529.86091399989
4052,6467.53425854602
4053,3904.88592638024
4054,5740.58682818388
4055,5133.95726898638
4056,5508.63617156995
4057,4032.47123579975
4058,13335.8758337932
4059,2333.58495032624
4060,3132.15276255575
4061,5482.27297047846
4062,3825.84343677851
4063,4137.74284702871
4064,5452.4454537754
4065,3129.83652517071
4066,1689.60705215636
4067,8211.85908525407
4068,20624.1639304332
4069,3004.1347246583
4070,3030.75110152498
4071,3428.24109992369
4072,3313.85024199052
4073,2133.56456967859
4074,16795.7815033986
4075,2781.01367242628
4076,5384.04017966853
4077,8951.04298936269
4078,1821.60916423416
4079,3056.76558285418
4080,2210.28247361072
4081,9359.06092907334
4082,31976.870889704
4083,2239.67355275824
4084,13774.8131362858
4085,7181.94669673841
4086,6567.21770044844
4087,5874.70279543452
4088,4930.43935059142
4089,2868.98985987931
4090,26142.323192859
4091,4182.60058727876
4092,5075.56615137918
4093,4256.93062111911
4094,7265.75091218156
4095,26556.1968014568
4096,2802.41293002613
4097,3111.07479119572
4098,15957.1096060622
4099,2155.11052906824
4100,21989.0409799509
4101,7009.74698482047
4102,2649.38876756863
4103,2290.92352208052
4104,3868.36007257848
4105,5325.93480901668
4106,5969.24877066286
4107,3784.59654840366
4108,2216.12598378157
4109,3592.87648528829
4110,2921.13898235059
4111,1835.71642593567
4112,6224.00242831532
4113,6991.48693785144
4114,3180.66312935657
4115,7790.66895194186
4116,8163.03862847359
4117,3117.60660680646
4118,6661.73155561116
4119,4373.8191571709
4120,11213.1228436791
4121,5997.59536246624
4122,3852.69730715259
4123,7954.00067756179
4124,3073.47602482244
4125,3475.2147853711
4126,2860.95891262378
4127,5153.41189866895
4128,2635.11779848139
4129,2963.47051397246
4130,5254.90872588381
4131,4393.61294736321
4132,4965.61218926244
4133,2013.7727169245
4134,3671.47538549458
4135,5192.50548630568
4136,1995.5359615429
4137,4930.06274614901
4138,3776.83211371987
4139,5853.41413420197
4140,3471.85292533506
4141,2551.21655510577
4142,2031.60498276515
4143,5877.05432331543
4144,4980.67177545552
4145,2080.35441126457
4146,3260.4438043811
4147,2671.97598152824
4148,11411.5418774102
4149,3284.89036719501
4150,6213.73082255597
4151,4178.42360421387
4152,23409.4689630345
4153,31362.503952567
4154,6916.70041203049
4155,8675.83047662067
4156,2933.86206733172
4157,6317.78549873969
4158,3794.41903105121
4159,3686.22351664903
4160,5227.7655731952
4161,2128.5498820422
4162,2677.77829221411
4163,4313.72208315777
4164,3965.41877408416
4165,5055.84488684801
4166,4965.0224173277
4167,2254.21459433336
4168,3998.06122602192
4169,5000.09328107794
4170,3631.05804950233
4171,3559.76029561451
4172,5085.93668524159
4173,5856.1784958711
4174,4928.65183555295
4175,3005.99958237353
4176,5938.81056946394
4177,6092.2545583383
4178,6522.16697766622
4179,5709.78998537197
4180,6871.5431555826
4181,18513.4284843493
4182,29623.1873857826
4183,3483.80170336277
4184,4001.4091569152
4185,4857.3811296659
4186,3932.89789205545
4187,3452.93525876745
4188,5455.45963960867
4189,3110.61996096567
4190,2401.27578688233
4191,6139.76225853655
4192,7782.25011713038
4193,2987.94043909094
4194,3279.01559198771
4195,3377.81064165318
4196,7154.35119348723
4197,2389.67160670989
4198,7693.23090625549
4199,2414.37991965714
4200,6166.92063754909
4201,5368.64942808655
4202,3188.96090674959
4203,6524.06079843831
4204,5654.82009990626
4205,3357.66524635425
4206,5356.42816368383
4207,2101.41141309484
4208,3568.52810680516
4209,3544.68010023588
4210,4046.7829153595
4211,2703.63888752227
4212,3609.3175723492
4213,5873.49135987347
4214,4713.17066862809
4215,5549.01675853349
4216,3903.82624007322
4217,2576.08561458631
4218,72528.9296477033
4219,2451.90178046741
4220,4797.11147833449
4221,5821.82410506699
4222,3064.1353646471
4223,3333.15504986614
4224,6676.92008623705
4225,9092.84096033694
4226,3335.98549696124
4227,6244.77236421874
4228,6467.83313686168
4229,5865.49743974946
4230,11632.341194499
4231,5324.45362358197
4232,4430.1336703072
4233,6688.04383624296
4234,3137.15323112231
4235,5253.28865057781
4236,3427.50812045909
4237,6046.01792984587
4238,5181.57163956555
4239,3956.21411988715
4240,3925.08994272887
4241,2289.63698030035
4242,3317.4381301807
4243,6051.56157749396
4244,4195.00472236456
4245,3572.73622825383
4246,2754.15457394071
4247,2730.34576429785
4248,17602.136859542
4249,5062.38124603105
4250,6869.09330534399
4251,4238.04001200586
4252,2344.46384618939
4253,6560.61464749573
4254,9320.2456398038
4255,7454.23032234758
4256,6362.668970706
4257,2564.40737813784
4258,24581.8447197938
4259,7682.25026356531
4260,2384.19068651441
4261,2488.18930613738
4262,1787.50192704128
4263,2696.56447844962
4264,9940.64181580899
4265,6093.97535077084
4266,4636.63823918539
4267,7040.87113315148
4268,5466.84142076241
4269,4672.70217208207
4270,7577.61820001878
4271,4661.63295011379
4272,4060.71648302248
4273,6122.65118884341
4274,3559.70946186658
4275,5864.31744194659
4276,3944.80576834862
4277,4671.5700805599
4278,86354.0865867218
4279,3305.63698232265
4280,3584.91411080247
4281,2988.53033844668
4282,3769.8124116741
4283,207708.739084548
4284,22940.2578986807
4285,5067.9793026853
4286,4057.85427996344
4287,19898.3747597473
4288,39836.3183882618
4289,7343.86305682466
4290,5979.94747016405
4291,7663.04815681849
4292,11471.8626070426
4293,18051.1935741197
4294,3591.38743598553
4295,1705.64941218888
4296,3621.22267292438
4297,1938.70311492909
4298,6632.9740308632
4299,7307.21974330507
4300,2572.55571921418
4301,2744.32188745694
4302,3392.34134999328
4303,3120.05566118881
4304,3587.05267265075
4305,1880.32525260911
4306,3941.08001907868
4307,4018.11531640829
4308,3871.02236631907
4309,7398.38090656358
4310,7181.5673111832
4311,2989.03068502439
4312,2072.08568949438
4313,3082.12374770552
4314,8290.5770517416
4315,3430.76118639592
4316,4811.17105774235
4317,17044.922296408
4318,6790.31414099248
4319,7094.90112906974
4320,4090.88593484514
4321,8168.93412732894
4322,2476.55525425543
4323,2839.97593355799
4324,6146.67038303802
4325,11455.4599803674
4326,7238.74132991957
4327,4203.65250262441
4328,11475.7851623234
4329,4433.19199251184
4330,3228.64998196507
4331,8013.71244924048
4332,3025.20222652293
4333,6196.48712176881
4334,22612.2906699401
4335,4745.7753215223
4336,2456.21421077113
4337,3269.22233869263
4338,4608.04008150354
4339,5851.51485437309
4340,3513.15499756753
4341,548524.812281204
4342,4044.07165868635
4343,4791.16742258058
4344,5239.05224893549
4345,2397.86051075451
4346,2007.13793854567
4347,5711.58604410214
4348,3981.36539900872
4349,3999.51325914737
4350,2003.22404044339
4351,6119.67855629323
4352,5357.82703014311
4353,6699.17093951842
4354,6366.36600391262
4355,1753.55915693894
4356,3640.87552381745
4357,4687.82229473193
4358,3015.36615053063
4359,4627.84493942506
4360,3936.69705071812
4361,2019.67559740626
4362,3496.20571014999
4363,6084.60430823847
4364,4187.85455385054
4365,6143.67187796681
4366,18913.4129004971
4367,4324.32283134769
4368,16357.4161103573
4369,3079.18520709974
4370,5548.96940538534
4371,2377.41154387406
4372,7142.50433420227
4373,23650.8812482728
4374,2994.45271336995
4375,5144.01072981776
4376,2942.34397047971
4377,3442.0478381125
4378,3472.48233482606
4379,3054.51194923784
4380,3956.05786268648
4381,2138.88309508155
4382,3072.59196747161
4383,3509.62245101689
4384,2766.29961212397
4385,9082.6324051611
4386,3328.98616805263
4387,5023.57563144876
4388,6147.85964262183
4389,5725.5339066902
4390,2794.74823466933
4391,4337.94136583869
4392,2823.30449861068
4393,6172.73798537642
4394,4908.56758541194
4395,8666.71864302751
4396,2275.48852285619
4397,2603.04550317394
4398,6970.47458284836
4399,3663.66153348536
4400,3239.03094890005
4401,5789.54116848271
4402,4384.01218936827
4403,5569.97779458994
4404,5576.30633967237
4405,3317.23722575951
4406,5434.4605856461
4407,4688.25938918461
4408,4885.02984101714
4409,39293.0780987793
4410,6251.88049924932
4411,4808.62971313938
4412,356238.585563773
4413,4610.89829861981
4414,2112.88171331056
4415,2797.6881536934
4416,3066.61428289329
4417,3060.10719005441
4418,6847.61759927808
4419,2674.48644738244
4420,3342.12558029899
4421,2072.17981280036
4422,4460.57837613449
4423,6664.69205700177
4424,2759.2532238138
4425,3226.85566835963
4426,13014.1595416522
4427,3284.1319935619
4428,78736.57249677
4429,2876.58365616634
4430,6413.12088588679
4431,4039.18036927967
4432,71564.3574864651
4433,18100.963298571
4434,5513.20981655793
4435,3648.39555202579
4436,2437.13525402767
4437,4211.95739002019
4438,2153.4883524611
4439,96923.8891085905
4440,4051.7158845414
4441,3756.45317739689
4442,18178.3935486266
4443,4378.59992122437
4444,17697.7939095036
4445,8413.17973182889
4446,6942.18908869406
4447,3665.3408254579
4448,3141.99481726478
4449,4279.33292280539
4450,2620.81999962775
4451,2807.15894553475
4452,38971.0468796127
4453,6238.82010639477
4454,4456.61527110397
4455,3348.07942206504
4456,2991.39787288442
4457,11022.8916687068
